Protein,Score,Q_Value,Number_of_Peptides,Identifier_Type,GroupID,Peptides
HPRR3780010,3.68785e-11,0.0,9,Unreviewed,46,GLPPKRWEAEDTHLSC[+57.021464000000002]PEPTVFAFSPLR KWGVQDVNQDNYIDAFEC[+57.021464000000002]MVC[+57.021464000000002]TK KWGVQDVNQDNYIDAFEC[+57.021464000000002]M[+15.994915000000001]VC[+57.021464000000002]TK RWEAEDTHLSC[+57.021464000000002]PEPTVFAFSPLR RWEAEDTHLSC[+57.021464000000002]PEPTVFAFSPLRTPP WEAEDTHLSC[+57.021464000000002]PEPTVFAFSPLR WEAEDTHLSC[+57.021464000000002]PEPTVFAFSPLRTPP WGVQDVNQDNYIDAFEC[+57.021464000000002]MVC[+57.021464000000002]TK WGVQDVNQDNYIDAFEC[+57.021464000000002]M[+15.994915000000001]VC[+57.021464000000002]TK
HPRR3720532,9.12997e-11,0.0,6,Unreviewed,105,IYKYLSSVSR SGRSPELSAAESAVVL SPELSAAESAVVL TPDPAPEKPSESSAGPSTEEDFAVDFEK TPDPAPEKPSESSAGPSTEEDFAVDFEKIYK YLSSVSR
HPRR4320615,2.19468e-10,0.0,2,Unreviewed,186,HGEWTTTDDDITTDHYT M[+15.994915000000001]SWSEEAAQNAR
HPRR4350096,3.16907e-10,0.0,3,Unreviewed,165,AHDWVEEDQTVVSVDVAK RAHDWVEEDQTVVSVDVAK TIEEVYM[+15.994915000000001]SSIESLAE
HPRR4030528,3.69068e-10,0.0,9,Unreviewed,42,AGIRTYHFR FPGNLLLNPFGISITSQSLNPGPFR FPGNLLLNPFGISITSQSLNPGPFRTPK GNVEKGWLA NPGVSPLAR STLAEFQVIMGR STLAEFQVIMGRK STLAEFQVIM[+15.994915000000001]GR STLAEFQVIM[+15.994915000000001]GRK
HPRR4050590,4.03818e-10,0.0,12,Unreviewed,9,ALVETHLR DGSLLEVEK DGSLLEVEKVSLQQR LC[+57.021464000000002]VEKSDLETELR LC[+57.021464000000002]VEKSDLETELREMR LNQFQHELQK LNQFQHELQKNKEQEEQLGEMIQAYEK NKEQEEQLGEMIQAYEK NKEQEEQLGEMIQAYEKLC[+57.021464000000002]VEK NKEQEEQLGEM[+15.994915000000001]IQAYEK NKEQEEQLGEM[+15.994915000000001]IQAYEKLC[+57.021464000000002]VEK SDLETELR
HPRR3760567,5.27528e-10,0.0,3,Unreviewed,176,ALAVAVDSFGFGLEPR EADC[+57.021464000000002]VFIDASSPPSPR GMPPWPPDSQISSQR
HPRR4450069,5.31708e-10,0.0,3,Unreviewed,162,C[+57.021464000000002]PPC[+57.021464000000002]SNVLC[+57.021464000000002]NPSEPPPPR VEQLFQEFGNR VEQLFQEFGNRK
HPRR4110155,5.77418e-10,0.0,6,Unreviewed,96,LTTVDIVTLR RRWNQTC[+57.021464000000002]ELLPVSQASWAC[+57.021464000000002]NLILGAPDSQK RWNQTC[+57.021464000000002]ELLPVSQASWAC[+57.021464000000002]NLILGAPDSQK RWNQTC[+57.021464000000002]ELLPVSQASWAC[+57.021464000000002]NLILGAPDSQKLTTVDIVTLR WNQTC[+57.021464000000002]ELLPVSQASWAC[+57.021464000000002]NLILGAPDSQK WNQTC[+57.021464000000002]ELLPVSQASWAC[+57.021464000000002]NLILGAPDSQKLTTVDIVTLR
HPRR3730415,7.06706e-10,0.0,9,Unreviewed,48,EIFTGEEGPESSEFSLSPNLDAQQK EIFTGEEGPESSEFSLSPNLDAQQKIPK EIFTGEEGPESSEFSLSPNLDAQQKIPKG KSSFENTVVRK KVSVTLKEIFTGEEGPESSEFSLSPNLDAQQK SSFENTVVR SSFENTVVRK VSVTLKEIFTGEEGPESSEFSLSPNLDAQQK VSVTLKEIFTGEEGPESSEFSLSPNLDAQQKIPK
HPRR3950020,1.02341e-09,0.0,6,Unreviewed,99,AAQPSPSTVPK AAQPSPSTVPKTEDQRPQ ITTRPDLPYEPPR ITTRPDLPYEPPRR NTGGAAFIFPNTSVYPEATQR SAWTGHGHPTPQSK
HPRR3890570,2.04918e-09,0.0,2,Unreviewed,194,IYFADQDQFDM[+15.994915000000001]VSDADLQVLDGK TLEQLAQQGK
HPRR4320417,2.13525e-09,0.0,4,Unreviewed,140,LANSTASVSR STSVSSQPVGPGSLLSSC[+57.021464000000002]C[+57.021464000000002]PR STSVSSQPVGPGSLLSSC[+57.021464000000002]C[+57.021464000000002]PRR TTC[+57.021464000000002]HEFTDELTFSEALGAVSPGGR
HPRR3730444,2.84371e-09,0.0,4,Unreviewed,155,LFEELDSNK LFEELDSNKDGR LFEELDSNKDGRVDVHELR LGGGNPDPGAQQGISSEGDADPDGGLD
HPRR4050261,3.4525e-09,0.0,6,Unreviewed,97,AFQDADVTC[+57.021464000000002]VFHIAS ESVLITGGSGYFGFR FIQGDIR HLSDVEKAFQDADVTC[+57.021464000000002]VFHIAS LGC[+57.021464000000002]ALNQNGVHVILFDISSPAQTIPEGIK LGC[+57.021464000000002]ALNQNGVHVILFDISSPAQTIPEGIKFIQGDIR
HPRR3950217,3.69965e-09,0.0,7,Unreviewed,84,GAYAGITGNPSGWHSSSR GAYAGITGNPSGWHSSSRGHD HDSVDSGVSKGAYAGITGNPSGWHSSSR HDSVDSGVSKGAYAGITGNPSGWHSSSRGHD TAGDSWHQPSLFR TAGDSWHQPSLFRHDSVDSGVSK TAGDSWHQPSLFRHDSVDSGVSKGAYAGITGNPSGWHSSSR
HPRR3720352,4.34392e-09,0.0,10,Unreviewed,31,AFADM[+15.994915000000001]RWNC[+57.021464000000002]SSIELAPNYLLDLER QLEGLVSAQVQLC[+57.021464000000002]R RAFADM[+15.994915000000001]RWNC[+57.021464000000002]SSIELAPNYLLDLER SNLELMHTVVHAAR SNLELM[+15.994915000000001]HTVVHAAR TPSALALNQTQHC[+57.021464000000002]K TPSALALNQTQHC[+57.021464000000002]KQLEGLVSAQVQLC[+57.021464000000002]R WNC[+57.021464000000002]SSIELAPNYLLDLER WNC[+57.021464000000002]SSIELAPNYLLDLERGTR WNC[+57.021464000000002]SSIELAPNYLLDLERGTRE
HPRR4030177,5.74428e-09,0.0,7,Unreviewed,81,AIVC[+57.021464000000002]ISPLSTLGPSQAPITLAIDR AIVC[+57.021464000000002]ISPLSTLGPSQAPITLAIDRANISSPGLIYTYTQDPTVTR ANISSPGLIYTYTQDPTVTR ANISSPGLIYTYTQDPTVTRLEPTWSIINGSTA DSEC[+57.021464000000002]QFVR LEPTWSIINGSTA VTVTVRDSEC[+57.021464000000002]QFVR
HPRR4160484,6.74144e-09,0.0,3,Unreviewed,170,NAYHNVTAEQLFLK NAYHNVTAEQLFLKDIIEK YNFSDLK
HPRR4180150,6.85684e-09,0.0,12,Unreviewed,8,AASGTQNNVLR AASGTQNNVLRGEPFIR C[+57.021464000000002]KSSGWHFVVK FSSHGC[+57.021464000000002]KELENALK GGGAGFISGLSYLELDNPAGNK GGGAGFISGLSYLELDNPAGNKR GGGAGFISGLSYLELDNPAGNKRR LKQNDFNSVEEK QNDFNSVEEK RYSAWAESVTNLP SSGWHFVVK YSAWAESVTNLP
HPRR4340029,7.29411e-09,0.0,6,Unreviewed,94,DQIDEQPWPESHPIIWQSEER KSSSGNENDEQDSDNANMSTQSPVS KSSSGNENDEQDSDNANM[+15.994915000000001]STQSPVS SSSGNENDEQDSDNANMSTQSPVS SSSGNENDEQDSDNANM[+15.994915000000001]STQSPVS SVSADEVNSPLSPLTWQPLENQK
HPRR3790336,7.59237e-09,0.0,7,Unreviewed,86,DAVLEC[+57.021464000000002]C[+57.021464000000002]VSGYPPPSFTWLR DAVLEC[+57.021464000000002]C[+57.021464000000002]VSGYPPPSFTWLRGEEVIQLR GEEVIQLR ILSDPGLHR KYSLLGGSN QLYFLQRPSNVVAIEGK QLYFLQRPSNVVAIEGKDAVLEC[+57.021464000000002]C[+57.021464000000002]VSGYPPPSFTWLR
HPRR3761106,8.08866e-09,0.0,4,Unreviewed,152,LYDPLYH MPTVLQC[+57.021464000000002]VNVSVVSEEVC[+57.021464000000002]SK M[+15.994915000000001]PTVLQC[+57.021464000000002]VNVSVVSEEVC[+57.021464000000002]SK SISIASQC[+57.021464000000002]PTAGNSC[+57.021464000000002]LVSGWGLLANGR
HPRR3880146,8.64713e-09,0.0,5,Unreviewed,125,DFLHLFEK DFLHLFEKNM[+15.994915000000001]IPER MDLPDAQDKFHELMSQLQNPKDFLHLFEK TVEFQHIIPISAVTGEGIEELKNC[+57.021464000000002]IR TVEFQHIIPISAVTGEGIEELKNC[+57.021464000000002]IRK
HPRR2440154,8.64713e-09,0.0,5,Unreviewed,134,DFLHLFEK DFLHLFEKNM[+15.994915000000001]IPER KQLLNLWISDTMSSTEPPS TVEFQHIIPISAVTGEGIEELKNC[+57.021464000000002]IR TVEFQHIIPISAVTGEGIEELKNC[+57.021464000000002]IRK
HPRR3720606,1.03144e-08,0.0,15,Unreviewed,2,LEILSSK LEILSSKEPPNK LEILSSKEPPNKR LERLEILSSK LETADKQSVHIVENEIQASIDQIFSR LETADKQSVHIVENEIQASIDQIFSRLER LRVDQLK LRVDQLKYDVQHLQTALR QSVHIVENEIQASIDQIFSR QSVHIVENEIQASIDQIFSRLER QVHEIQSC[+57.021464000000002]MGR QVHEIQSC[+57.021464000000002]MGRLETADKQSVHIVENEIQASIDQIFSR QVHEIQSC[+57.021464000000002]M[+15.994915000000001]GRLETADKQSVHIVENEIQASIDQIFSR VDQLKYDVQHLQTALR YDVQHLQTALR
HPRR1950303;HPRR4320390,1.04262e-08,0.0,5,Unreviewed,135,ADLYIHVTYIK ALGGHMTTLSGEEISYTGSDGIEGGLLASIR ALGGHM[+15.994915000000001]TTLSGEEISYTGSDGIEGGLLASIR KWDIC[+57.021464000000002]AGNAILK WDIC[+57.021464000000002]AGNAILK
HPRR3760696,1.07797e-08,0.0,2,Unreviewed,195,ALFPTEIHSGLLEVISPSPHFYPDFSR EVHSYLTDTLHSLISELSPQEK
HPRR3760883,1.27644e-08,0.0,10,Unreviewed,27,APHAMDRDWKESVASK APHAM[+15.994915000000001]DRDWKESVASK C[+57.021464000000002]LKQLFVTQNVVQQANGK EQLKTPSKGISETSNSALHFC[+57.021464000000002]K ETLTLGSR GISETSNSALHFC[+57.021464000000002]K QLFVTQNVVQQANGK TPPEKETLTLGSR TPPEKETLTLGSRK TPSKGISETSNSALHFC[+57.021464000000002]K
HPRR3761220,1.38828e-08,0.0,7,Unreviewed,89,C[+57.021464000000002]EVNVDDC[+57.021464000000002]LMRPC[+57.021464000000002]ANGATC[+57.021464000000002]LDGINR C[+57.021464000000002]EVNVDDC[+57.021464000000002]LMRPC[+57.021464000000002]ANGATC[+57.021464000000002]LDGINRFSC[+57.021464000000002] C[+57.021464000000002]EVNVDDC[+57.021464000000002]LM[+15.994915000000001]RPC[+57.021464000000002]ANGATC[+57.021464000000002]LDGINR C[+57.021464000000002]EVNVDDC[+57.021464000000002]LM[+15.994915000000001]RPC[+57.021464000000002]ANGATC[+57.021464000000002]LDGINRFSC[+57.021464000000002] C[+57.021464000000002]LVGFVGAR NGGQC[+57.021464000000002]QDDQGFALNFTC[+57.021464000000002]R NGGQC[+57.021464000000002]QDDQGFALNFTC[+57.021464000000002]RC[+57.021464000000002]LVGFVGAR
HPRR3780084,1.57641e-08,0.0,8,Unreviewed,60,EKLVC[+57.021464000000002]WVVSNWNPEHAR LVC[+57.021464000000002]WVVSNWNPEHAR NLIPTISTC[+57.021464000000002]KF SIEIHTYGQAFGEYVNDK SIEIHTYGQAFGEYVNDKNLIPTISTC[+57.021464000000002]K SIEIHTYGQAFGEYVNDKNLIPTISTC[+57.021464000000002]KF VKYYNELSK YYNELSK
HPRR3720232,1.60992e-08,0.0,8,Unreviewed,65,EQLGSALAEMDRQLR LADTPWLC[+57.021464000000002]QSAEPGDEESVMLDLAK LADTPWLC[+57.021464000000002]QSAEPGDEESVMLDLAKR LADTPWLC[+57.021464000000002]QSAEPGDEESVM[+15.994915000000001]LDLAKR MALQLDPPQKEQLGSALAEMDR MALQLDPPQKEQLGSALAEM[+15.994915000000001]DR RLADTPWLC[+57.021464000000002]QSAEPGDEESVMLDLAKR RLADTPWLC[+57.021464000000002]QSAEPGDEESVM[+15.994915000000001]LDLAKR
HPRR4060128,1.62893e-08,0.0,7,Unreviewed,75,EIGPNDGFLAQLC[+57.021464000000002]QLNDR EIGPNDGFLAQLC[+57.021464000000002]QLNDRLAK EIGPNDGFLAQLC[+57.021464000000002]QLNDRLAKEGK QNREIGPNDGFLAQLC[+57.021464000000002]QLNDR QNREIGPNDGFLAQLC[+57.021464000000002]QLNDRLAK SALSIVR SALSIVRQNR
HPRR1951583,1.67511e-08,0.0,2,Unreviewed,206,MPTVLQC[+57.021464000000002]VNVSVV SISIASQC[+57.021464000000002]PTAGNSC[+57.021464000000002]LVSGWGLLANGR
HPRR4540014,1.71765e-08,0.0,4,Unreviewed,136,C[+57.021464000000002]NSEVKYASEKHFQDK HFQDKVFYAPVPTVTAYSETIVAAPNC[+57.021464000000002]TWR VFYAPVPTVTAYSETIVAAPNC[+57.021464000000002]TWR YASEKHFQDKVFYAPVPTVTAYSETIVAAPNC[+57.021464000000002]TWR
HPRR2990028,1.73915e-08,0.0,7,Unreviewed,92,C[+57.021464000000002]QYPPTGSLYEK C[+57.021464000000002]QYPPTGSLYEKK EASALVC[+57.021464000000002]IR FTIWDDPDAGFFTVTMTDLREEDS GWC[+57.021464000000002]KEASALVC[+57.021464000000002]IR KGWC[+57.021464000000002]KEASALVC[+57.021464000000002]IR TMAWTSR
HPRR3760765,1.88265e-08,0.0,5,Unreviewed,130,HTSHLGHAVLPSNAR STSTGSAASSGSNSSASSEQGLLGR STSTGSAASSGSNSSASSEQGLLGRSPP THEIIPINVNNNYEHR THEIIPINVNNNYEHRHTSHLGHAVLPSNAR
HPRR3870078,2.2223e-08,0.0,5,Unreviewed,126,ARSNPQVYMDIK IQMLLRSDVVP SNPQVYMDIK SNPQVYM[+15.994915000000001]DIK TLEENKEEEGSEPPKAETQEGEPIAK
HPRR3730192,2.27706e-08,0.0,2,Unreviewed,197,DSDSLAESEFESAAFSQGSR WC[+57.021464000000002]HIVRDSDSLAESEFESAAFSQGSR
HPRR3760008,2.31383e-08,0.0,6,Unreviewed,103,GGPSDHEATAWILINPLR GGPSDHEATAWILINPLRK GGPSDHEATAWILINPLRKEDEGV KVTKSPEGTQALEELPGDHVNIAVQVR SPEGTQALEELPGDHVNIAVQVR VTKSPEGTQALEELPGDHVNIAVQVR
HPRR2990033,2.70121e-08,0.0,8,Unreviewed,67,FIDLSADDIK FIDLSADDIKIHTLSYDVEEEEEFQELESDYSSD IHTLSYDVEEEEEFQELESDYSSD SPTKDSLEYPDGK SPTKDSLEYPDGKFIDLSADDIK SWGDGVAADC[+57.021464000000002]C[+57.021464000000002]ETTFIEDR SWGDGVAADC[+57.021464000000002]C[+57.021464000000002]ETTFIEDRSPTK SWGDGVAADC[+57.021464000000002]C[+57.021464000000002]ETTFIEDRSPTKDSLEYPDGK
HPRR3870348,2.847e-08,0.0,8,Unreviewed,57,GDQNPQIAAHVISEASSK GYYTMSNNLVTLENGK GYYTMSNNLVTLENGKQL GYYTM[+15.994915000000001]SNNLVTLENGK GYYTM[+15.994915000000001]SNNLVTLENGKQL TTSVLQWAEK TTSVLQWAEKGYYTMSNNLVTLENGK TTSVLQWAEKGYYTMSNNLVTLENGKQL
HPRR3890559,3.38761e-08,0.0,4,Unreviewed,149,AVVVTGFGPFGEHTVNASWIAVQELEK KAVVVTGFGPFGEHTVNASWIAVQELEK LGLGDSVDLHVYEIPVEYQTVQR LIPALWEK
HPRR4040278,3.59585e-08,0.0,7,Unreviewed,77,DSATAQAWFSAIHSNVNDLLTR HLGWLAEKVPGE QLEIHSPDAK SKDSATAQAWFSAIHSNVNDLLTR SMALADPENR SMALADPENRQLEIHSPDAK VIAEVREQLGK
HPRR4040265,3.88147e-08,0.0,5,Unreviewed,122,ADC[+57.021464000000002]PIAWANLMLFDYKDQLK C[+57.021464000000002]LYMWPSVPDEKGELLNPTGTVR C[+57.021464000000002]LYM[+15.994915000000001]WPSVPDEKGELLNPTGTVR KADC[+57.021464000000002]PIAWANLMLFDYKDQLK KADC[+57.021464000000002]PIAWANLM[+15.994915000000001]LFDYKDQLK
HPRR3780093,4.00342e-08,0.0,8,Unreviewed,59,HLEVVLNQSEAC[+57.021464000000002]ASESQPHSSALTAPSSPGSSWMKK HLEVVLNQSEAC[+57.021464000000002]ASESQPHSSALTAPSSPGSSWM[+15.994915000000001]K HLEVVLNQSEAC[+57.021464000000002]ASESQPHSSALTAPSSPGSSWM[+15.994915000000001]KK HLEVVLNQSEAC[+57.021464000000002]ASESQPHSSALTAPSSPGSSWM[+15.994915000000001]KKDQPTFT LPTPEQIFQNIK LPTPEQIFQNIKQEYSR RLPTPEQIFQNIK RLPTPEQIFQNIKQEYSR
HPRR3761107,4.34011e-08,0.0,11,Unreviewed,20,AVIHPDYDAASHDQDIMLLR AVIHPDYDAASHDQDIM[+15.994915000000001]LLR DC[+57.021464000000002]SANTTSC[+57.021464000000002]HILGWGK ESSQEQSSVVR LARPAKLSELIQPLPLER LARPAKLSELIQPLPLERDC[+57.021464000000002]SANTTSC[+57.021464000000002]HILGWGK LSELIQPLPLER LSELIQPLPLERDC[+57.021464000000002]SANTTSC[+57.021464000000002]HILGWGK QRESSQEQSSVVR TADGDFPDTIQC[+57.021464000000002]AYIHLVSR TADGDFPDTIQC[+57.021464000000002]AYIHLVSRE
HPRR4280170,4.88828e-08,0.0,7,Unreviewed,72,C[+57.021464000000002]ILFPPDQFEC[+57.021464000000002]LYPYPVHHPC[+57.021464000000002]DR C[+57.021464000000002]ILFPPDQFEC[+57.021464000000002]LYPYPVHHPC[+57.021464000000002]DRQSQVDFD GWGQLTSNLLLIGMEGNVTPAHYDEQQNFFAQIK GWGQLTSNLLLIGM[+15.994915000000001]EGNVTPAHYDEQQNFFAQIK RC[+57.021464000000002]ILFPPDQFEC[+57.021464000000002]LYPYPVHHPC[+57.021464000000002]DR RGWGQLTSNLLLIGMEGNVTPAHYDEQQNFFAQIK RGWGQLTSNLLLIGM[+15.994915000000001]EGNVTPAHYDEQQNFFAQIK
HPRR4390277,4.89506e-08,0.0,11,Unreviewed,14,ELPQKIVGENSLEYS GEFSQPILEEDSLFESLEYLK GEFSQPILEEDSLFESLEYLKK GEFSQPILEEDSLFESLEYLKKGSEQQLSQK GSEQQLSQKVFEASSLEC[+57.021464000000002]SLEYMK GSEQQLSQKVFEASSLEC[+57.021464000000002]SLEYM[+15.994915000000001]KK KELPQKIVGENSLEYS VFEASSLEC[+57.021464000000002]SLEYMK VFEASSLEC[+57.021464000000002]SLEYMKK VFEASSLEC[+57.021464000000002]SLEYM[+15.994915000000001]K VFEASSLEC[+57.021464000000002]SLEYM[+15.994915000000001]KK
HPRR4370542,4.92924e-08,0.0,10,Unreviewed,22,DNWQAFEK DNWQAFEKNTHNNNK GPC[+57.021464000000002]LVIQR IADKYLLAMTFVYFK IADKYLLAM[+15.994915000000001]TFVYFK LFDDDLIQDFLWMDC[+57.021464000000002]C[+57.021464000000002]C[+57.021464000000002]K QDMTAFFK RPIC[+57.021464000000002]KDNWQAFEK RPIC[+57.021464000000002]KDNWQAFEKNTHNNNK RPKGPC[+57.021464000000002]LVIQR
HPRR4350081,4.9886e-08,0.0,7,Unreviewed,70,C[+57.021464000000002]RM[+15.994915000000001]C[+57.021464000000002]HLQFPGEK LSGSLSMRNDAVNEIVAVK MC[+57.021464000000002]HLQFPGEK M[+15.994915000000001]C[+57.021464000000002]HLQFPGEK NDAVNEIVAVK NDAVNEIVAVKNNFPVIEIVR NNFPVIEIVR
HPRR3730276,7.81192e-08,0.0,3,Unreviewed,179,GLNPLNAYSDLAEFLETEC[+57.021464000000002]YQTPFNK GLNPLNAYSDLAEFLETEC[+57.021464000000002]YQTPFNKEVPDAEKQQSHQ QYAMDYSNK
HPRR4310063,8.09206e-08,0.0,9,Unreviewed,35,GIAFPTSISVNNC[+57.021464000000002]VC[+57.021464000000002]HFSPLK GIAFPTSISVNNC[+57.021464000000002]VC[+57.021464000000002]HFSPLKSDQDYILK GIAFPTSISVNNC[+57.021464000000002]VC[+57.021464000000002]HFSPLKSDQDYILKEGDLVK IDLGVHVDGFIA KGIAFPTSISVNNC[+57.021464000000002]VC[+57.021464000000002]HFSPLK KGIAFPTSISVNNC[+57.021464000000002]VC[+57.021464000000002]HFSPLKSDQDYILK SDQDYILK SDQDYILKEGDLVK SDQDYILKEGDLVKIDLGVHVDGFIA
HPRR3760436,8.20136e-08,0.0,10,Unreviewed,28,DLEEQLR EQANLNSRTEETIK FAAAHYNTEILK GGWQHNREQANLNSR GGWQHNREQANLNSRTEETIK SIDNEWR SIDNEWRKT SVSSVDELMTVLYPEYWK SVSSVDELM[+15.994915000000001]TVLYPEYWK TEETIKFAAAHYNTEILK
HPRR3770042,8.33243e-08,0.0,6,Unreviewed,101,EDSTPLATLEFPPSEDRYTASGVHK GAVLGRPTLSVQQTPEGSLLAR GAVLGRPTLSVQQTPEGSLLARWEPPAGTAEDQVLGYR LQFGREDSTPLATLEFPPSEDR LQFGREDSTPLATLEFPPSEDRYTASGVHK WEPPAGTAEDQVLGYR
HPRR3890843,8.69533e-08,0.0,10,Unreviewed,26,DVLEEFHGNGVLAK DVLEEFHGNGVLAKYNPEGKQDILNQTIDFEGFK KLKDVLEEFHGNGVLAK LKDVLEEFHGNGVLAK QDILNQTIDFEGFK QDILNQTIDFEGFKLFMK TFLEAELPDDFTAHL YNPEGKQDILNQTIDFEGFK YNPEGKQDILNQTIDFEGFKLFMK YNPEGKQDILNQTIDFEGFKLFM[+15.994915000000001]K
HPRR3760407,8.83772e-08,0.0,6,Unreviewed,102,AC[+57.021464000000002]FSFHSSYS AEEYFQWSK AEEYFQWSKLPC[+57.021464000000002]GITSR HPKAEEYFQWSKLPC[+57.021464000000002]GITSR LPC[+57.021464000000002]GITSR NRIPLHIISIKPSTMWFGER
HPRR3770029,9.50901e-08,0.0,8,Unreviewed,61,FSVC[+57.021464000000002]LFR FSVC[+57.021464000000002]LFRR IVAC[+57.021464000000002]HFIKPR LEELHSQPTFFPGGLR LNIRLEELHSQPTFFPGGLR RIVAC[+57.021464000000002]HFIKPR TLLDYWQALENSR TLLDYWQALENSRGEDC[+57.021464000000002]PPV
HPRR4160392,9.65794e-08,0.0,13,Unreviewed,6,FLESTDSFNNELK FLESTDSFNNELKR KFLESTDSFNNELK KFLESTDSFNNELKR KLEAELLQIEER KLEAELLQIEERHQEK LC[+57.021464000000002]GLKVEVDMEK LC[+57.021464000000002]GLKVEVDMEKIAA LC[+57.021464000000002]GLKVEVDM[+15.994915000000001]EK LC[+57.021464000000002]GLKVEVDM[+15.994915000000001]EKIAA LEAELLQIEER QVQSLMVHQR QVQSLM[+15.994915000000001]VHQR
HPRR3720679,1.0284e-07,0.0,12,Unreviewed,13,EAGALDRLLDLPAAASSEDIER EAGALDRLLDLPAAASSEDIERS ELRPEDDMKPGSFDR ELRPEDDM[+15.994915000000001]KPGSFDR LLDLPAAASSEDIER LLDLPAAASSEDIERS RELRPEDDMKPGSFDR SFSDKNGLTSK SFSDKNGLTSKR SIPENNIMR TIIEFLSFLHLK TIIEFLSFLHLKEAGALDR
HPRR3730168,1.05159e-07,0.0,10,Unreviewed,30,C[+57.021464000000002]KVTGWGATDPDSLRPSDTLR C[+57.021464000000002]KVTGWGATDPDSLRPSDTLREVTVTVLSR DMVC[+57.021464000000002]AGDAKGQKDS EVTVTVLSR EVTVTVLSRK KLC[+57.021464000000002]NSQSYYNGDPFITK KLC[+57.021464000000002]NSQSYYNGDPFITKDMVC[+57.021464000000002]AGDAK LC[+57.021464000000002]NSQSYYNGDPFITK VTGWGATDPDSLRPSDTLR VTGWGATDPDSLRPSDTLREVTVTVLSRK
HPRR4420016,1.05172e-07,0.0,9,Unreviewed,34,GSC[+57.021464000000002]SLFTC[+57.021464000000002]QNGIVWTNGTHVTYR GSC[+57.021464000000002]SLFTC[+57.021464000000002]QNGIVWTNGTHVTYRK LLGDLSR LLGDLSRR RDVSLTIE VGGEAGPSVTLPC[+57.021464000000002]HYSGAVTSMC[+57.021464000000002]WNR VGGEAGPSVTLPC[+57.021464000000002]HYSGAVTSM[+15.994915000000001]C[+57.021464000000002]WNR YKLLGDLSR YKLLGDLSRR
HPRR4320123,1.09377e-07,0.0,12,Unreviewed,7,ATDWEATNEAIEEQVAR ATDWEATNEAIEEQVARESYLQWLR ATDWEATNEAIEEQVARESYLQWLRDQEK ESYLQWLR ESYLQWLRDQEK ESYLQWLRDQEKQAR KRATDWEATNEAIEEQVAR NAIKTSEESWIEQQMLEDK RATDWEATNEAIEEQVAR TSEESWIEQQMLEDKKR TSEESWIEQQM[+15.994915000000001]LEDK TSEESWIEQQM[+15.994915000000001]LEDKKR
HPRR4050491,1.2055e-07,0.0,7,Unreviewed,76,KSQGLWSDYSDNLK KSQGLWSDYSDNLKYDHTTAC[+57.021464000000002]TQQDSLSC[+57.021464000000002]PWEC[+57.021464000000002]ETK SQGLWSDYSDNLK SQGLWSDYSDNLKYDHTTAC[+57.021464000000002]TQQDSLSC[+57.021464000000002]PWEC[+57.021464000000002]ETK SQGLWSDYSDNLKYDHTTAC[+57.021464000000002]TQQDSLSC[+57.021464000000002]PWEC[+57.021464000000002]ETKGESQ YDHTTAC[+57.021464000000002]TQQDSLSC[+57.021464000000002]PWEC[+57.021464000000002]ETK YDHTTAC[+57.021464000000002]TQQDSLSC[+57.021464000000002]PWEC[+57.021464000000002]ETKGESQ
HPRR4110213,1.22956e-07,0.0,5,Unreviewed,120,GNFVPQGWVLPPLPSNDIWATAVKL HDWDQYLVPSDHPK HDWDQYLVPSDHPKGNFVPQGWVLPPLPSNDIWATAVKL QYYLQAEHSLPALIQIR QYYLQAEHSLPALIQIRHDWDQYLVPSDHPK
HPRR3830190,1.31658e-07,0.0,12,Unreviewed,10,ATTNIIQPLLHAQWVL ERATTNIIQPLLHAQWVL LQSFRPLPEPLTVQLLTVPGEVFPPK LQSFRPLPEPLTVQLLTVPGEVFPPKVK VKYTFFVPNDVDFSMQSSK VKYTFFVPNDVDFSMQSSKER VKYTFFVPNDVDFSM[+15.994915000000001]QSSK VKYTFFVPNDVDFSM[+15.994915000000001]QSSKER YTFFVPNDVDFSMQSSK YTFFVPNDVDFSMQSSKER YTFFVPNDVDFSM[+15.994915000000001]QSSK YTFFVPNDVDFSM[+15.994915000000001]QSSKER
HPRR4160492,1.37865e-07,0.0,4,Unreviewed,141,ESAEGPPPLYNTNHDFK ESAEGPPPLYNTNHDFKFSYSEINFQDLSWSFR FSYSEINFQDLSWSFR SSSSSQHGFSSLLGDIPPSNNYY
HPRR4280132,1.74486e-07,0.0,5,Unreviewed,118,FC[+57.021464000000002]GQQNPPVIK FC[+57.021464000000002]GQQNPPVIKSSGR FFADGELESMGFSAR FFADGELESM[+15.994915000000001]GFSAR YNFTPDPDFKD
HPRR3730445,1.75184e-07,0.0,7,Unreviewed,90,LVNQNASRWESFDVTPAVMR LVNQNASRWESFDVTPAVM[+15.994915000000001]R WESFDVTPAVMR WESFDVTPAVM[+15.994915000000001]R WTAQGHANHGFVVEVAHLEEK WTAQGHANHGFVVEVAHLEEKQGVSK WTAQGHANHGFVVEVAHLEEKQGVSKR
HPRR4040559,1.75654e-07,0.0,14,Unreviewed,3,DGVGVGVSC[+57.021464000000002]MAQDC[+57.021464000000002]PLR DGVGVGVSC[+57.021464000000002]MAQDC[+57.021464000000002]PLRTPEDFVFPLL DGVGVGVSC[+57.021464000000002]M[+15.994915000000001]AQDC[+57.021464000000002]PLR ENLLSLAC[+57.021464000000002]QHQFC[+57.021464000000002]R HVPTSHPPHHC[+57.021464000000002]AVC[+57.021464000000002]MQFVR HVPTSHPPHHC[+57.021464000000002]AVC[+57.021464000000002]MQFVRK KENLLSLAC[+57.021464000000002]QHQFC[+57.021464000000002]R SC[+57.021464000000002]WEQHC[+57.021464000000002]SVLVK SC[+57.021464000000002]WEQHC[+57.021464000000002]SVLVKDGVGVGVSC[+57.021464000000002]MAQDC[+57.021464000000002]PLR SC[+57.021464000000002]WEQHC[+57.021464000000002]SVLVKDGVGVGVSC[+57.021464000000002]MAQDC[+57.021464000000002]PLRTPEDFVFPLL SC[+57.021464000000002]WEQHC[+57.021464000000002]SVLVKDGVGVGVSC[+57.021464000000002]M[+15.994915000000001]AQDC[+57.021464000000002]PLR SC[+57.021464000000002]WEQHC[+57.021464000000002]SVLVKDGVGVGVSC[+57.021464000000002]M[+15.994915000000001]AQDC[+57.021464000000002]PLRTPEDFVFPLL TPEDFVFPLL VQPNPSKHVPTSHPPHHC[+57.021464000000002]AVC[+57.021464000000002]MQFVR
HPRR3920052,1.79079e-07,0.0,3,Unreviewed,175,DGC[+57.021464000000002]YHLETSTHHFLSHVDR DGC[+57.021464000000002]YHLETSTHHFLSHVDRLFSQPS IWVDAAVPC[+57.021464000000002]LEEC[+57.021464000000002]GFLLHFR
HPRR4110252,1.89228e-07,0.0,9,Unreviewed,41,EEGC[+57.021464000000002]TQENTESEYYAK EIHKFDMIQGLAEHNELAVC[+57.021464000000002]PK EIHKFDM[+15.994915000000001]IQGLAEHNELAVC[+57.021464000000002]PK FDMIQGLAEHNELAVC[+57.021464000000002]PK FNVSSVEK FNVSSVEKNR VFRFNVSSVEK VLRVPNPSSK VLRVPNPSSKR
HPRR3730024,1.93758e-07,0.0,12,Unreviewed,12,AWDQC[+57.021464000000002]IPK AWDQC[+57.021464000000002]IPKY FAGQDFAK FHPDKDPFC[+57.021464000000002]PILR GNLLPNLTAR IGWVC[+57.021464000000002]DLDK IGWVC[+57.021464000000002]DLDKAWDQC[+57.021464000000002]IPK IGWVC[+57.021464000000002]DLDKAWDQC[+57.021464000000002]IPKY TC[+57.021464000000002]RFHPDKDPFC[+57.021464000000002]PILR TGGVLGIK VGDVVKFAGQDFAK VGDVVKFAGQDFAKLAR
HPRR4290148,2.2699e-07,0.0,9,Unreviewed,36,FYLENLTLGIR IVSLDPSEAGPPR SIHIVVTMAK SIHIVVTM[+15.994915000000001]AK SLENSVENKIVSLDPSEAGPPR VLLPLTYER YKFYLENLTLGIR YLGDRYK YLGDRYKFYLENLTLGIR
HPRR3950112,2.35331e-07,0.0,11,Unreviewed,19,AALSIER AALSIERR DEVWEERKPYK KDEVWEER KDEVWEERKPYK KRSTGVLLPLQNNELPGAEYQYK NFPTGTVPK RSTGVLLPLQNNELPGAEYQYK STGVLLPLQNNELPGAEYQYK STGVLLPLQNNELPGAEYQYKK STGVLLPLQNNELPGAEYQYKKDEVWEER
HPRR4520044,2.58577e-07,0.0,4,Unreviewed,137,IVVHPYWNSDNVAAGYDIALLR IVVHPYWNSDNVAAGYDIALLRL TFRVVAGDHNLSQNDGTEQYVSVQK VVAGDHNLSQNDGTEQYVSVQK
HPRR4530051,2.67357e-07,0.0,2,Unreviewed,185,SADEGQTVFYTC[+57.021464000000002]TNC[+57.021464000000002]K SADEGQTVFYTC[+57.021464000000002]TNC[+57.021464000000002]KFQEKEDS
HPRR4120086,2.95207e-07,0.0,2,Unreviewed,191,GAFAKDLGPYVL GNFWAVDVSLIPAEALR
HPRR4160683,3.06162e-07,0.0,7,Unreviewed,73,AYISMHSYSQHIVFPYSYTR AYISM[+15.994915000000001]HSYSQHIVFPYSYTR DHEELSLVASEAVR NTRYTHGHGSETLYLAPGGGDDWIYDLGIKY SKDHEELSLVASEAVR SKSKDHEELSLVASEAVR YTHGHGSETLYLAPGGGDDWIYDLGIKY
HPRR4120251,3.28552e-07,0.0,10,Unreviewed,24,C[+57.021464000000002]KGQLLIFGATNWDLIGR C[+57.021464000000002]KGQLLIFGATNWDLIGRK GQLLIFGATNWDLIGR GQLLIFGATNWDLIGRK GQLLIFGATNWDLIGRKEVPK KEVPKQQAAYR NLGQNLWGPHR TVVSGSC[+57.021464000000002]AAHSLLITTEG VRTVVSGSC[+57.021464000000002]AAHSLLITTEG YGC[+57.021464000000002]LAGVR
HPRR4190307,3.44082e-07,0.0,9,Unreviewed,39,ASPC[+57.021464000000002]ELC[+57.021464000000002]HQLIVGNSK LHSFQEHVFK LHSFQEHVFKR NFSSPLLVHEP RASPC[+57.021464000000002]ELC[+57.021464000000002]HQLIVGNSK RNFSSPLLVHEP VSVHLWC[+57.021464000000002]SEEISHQQC[+57.021464000000002]PGK VSVHLWC[+57.021464000000002]SEEISHQQC[+57.021464000000002]PGKTSTSFR VSVHLWC[+57.021464000000002]SEEISHQQC[+57.021464000000002]PGKTSTSFRR
HPRR3790306,3.71014e-07,0.0,7,Unreviewed,87,DGNGIVYNMLK KDGNGIVYNMLKK KTVGIYPNAQIYVTTEKR MSYC[+57.021464000000002]DGVFKK M[+15.994915000000001]SYC[+57.021464000000002]DGVFKK TVGIYPNAQIYVTTEK TVGIYPNAQIYVTTEKR
HPRR3730146,3.96453e-07,0.0,4,Unreviewed,156,AFLLMASQYQQPHENDVAALLKPISE AFLLM[+15.994915000000001]ASQYQQPHENDVAALLKPISE ILAGDVETHAEMVHSAFQAQR ILAGDVETHAEM[+15.994915000000001]VHSAFQAQR
HPRR3640011,4.01731e-07,0.0,6,Unreviewed,111,EQC[+57.021464000000002]TYFDASFSPMNQHFLLFC[+57.021464000000002]EGPR EQC[+57.021464000000002]TYFDASFSPMNQHFLLFC[+57.021464000000002]EGPRVPVVSLHSTDNPAK QC[+57.021464000000002]ISC[+57.021464000000002]NFMK VPVVSLHSTDNPAK YFILESNSMLKEAILK YFILESNSM[+15.994915000000001]LKEAILK
HPRR3830287,4.09782e-07,0.0,9,Unreviewed,45,LPGVLSSGC[+57.021464000000002]ELP NFRLPGVLSSGC[+57.021464000000002]ELP SERTGTQPLGVQGLTEEQR TFDTTFSHFK TFDTTFSHFKNFR TFDTTFSHFKNFRLPGVLSSGC[+57.021464000000002]ELP TGTQPLGVQGLTEEQR TGTQPLGVQGLTEEQRMM[+15.994915000000001]IR TGTQPLGVQGLTEEQRM[+15.994915000000001]M[+15.994915000000001]IR
HPRR3670067,4.30191e-07,0.0,6,Unreviewed,110,GNLGLIPR LTVKQEPANQTWGQGSSLQK LTVKQEPANQTWGQGSSLQKNYPPVC[+57.021464000000002]EIFR NYPPVC[+57.021464000000002]EIFR QEPANQTWGQGSSLQK QEPANQTWGQGSSLQKNYPPVC[+57.021464000000002]EIFR
HPRR3730589,4.8502e-07,0.0,5,Unreviewed,132,EEGMDLPDSSGLFQHQTTYNR QHNGENC[+57.021464000000002]FRGDDGGASFVK SC[+57.021464000000002]TVHMLGR SFTC[+57.021464000000002]REEGMDLPDSSGLFQHQTTYNR SFTC[+57.021464000000002]REEGM[+15.994915000000001]DLPDSSGLFQHQTTYNR
HPRR3950052,5.02078e-07,0.0,2,Unreviewed,193,AMVEFATLDR AVQSTINHVKEERPE
HPRR4000324,5.05353e-07,0.0,4,Unreviewed,145,GDSGSPATWTTR HSQTTAIPSC[+57.021464000000002]PEGTVPLYSGFSFLFVQGNQR HSQTTAIPSC[+57.021464000000002]PEGTVPLYSGFSFLFVQGNQRA RGDSGSPATWTTR
HPRR4030419,5.05708e-07,0.0,9,Unreviewed,43,AFRKPSIFTLHK AFRKPSIFTLHKK KPSIFTLHK KTDIGEELPNC[+57.021464000000002]NQC[+57.021464000000002]ETAFSQHLHLVC[+57.021464000000002]K KTDIGEELPNC[+57.021464000000002]NQC[+57.021464000000002]ETAFSQHLHLVC[+57.021464000000002]KK KTSQNLHLVC[+57.021464000000002]K TDIGEELPNC[+57.021464000000002]NQC[+57.021464000000002]ETAFSQHLHLVC[+57.021464000000002]K TDIGEELPNC[+57.021464000000002]NQC[+57.021464000000002]ETAFSQHLHLVC[+57.021464000000002]KK TSQNLHLVC[+57.021464000000002]K
HPRR4190863,5.66665e-07,0.0,5,Unreviewed,119,EEAGADAFPEHR MNWATATSYSTSVQC[+57.021464000000002]WAPTSSWR M[+15.994915000000001]NWATATSYSTSVQC[+57.021464000000002]WAPTSSWR NLPWAWQAQWPHWSWLQL QC[+57.021464000000002]WLIWDHAEPGWPHR
HPRR4030012,6.15588e-07,0.0,5,Unreviewed,123,FPAQGSIEIHEDSEEGC[+57.021464000000002]PQR LDEHQGEGTAPC[+57.021464000000002]TSSILQEK LDEHQGEGTAPC[+57.021464000000002]TSSILQEKQR QRFPAQGSIEIHEDSEEGC[+57.021464000000002]PQR RQRFPAQGSIEIHEDSEEGC[+57.021464000000002]PQR
HPRR2500088,6.15588e-07,0.0,4,Unreviewed,159,AADIHTFSSVLEK FPAQGSIEIHEDSEEGC[+57.021464000000002]PQR QRFPAQGSIEIHEDSEEGC[+57.021464000000002]PQR RQRFPAQGSIEIHEDSEEGC[+57.021464000000002]PQR
HPRR3730250,6.36147e-07,0.0,16,Unreviewed,1,DRGIFGIESWPDYEDIYK DRGIFGIESWPDYEDIYKK EAITLSDLLR FPDITEDC[+57.021464000000002]YLHPNILC[+57.021464000000002]MK FPDITEDC[+57.021464000000002]YLHPNILC[+57.021464000000002]M[+15.994915000000001]K FVEEDHIPYINAFQHFPEQMK FVEEDHIPYINAFQHFPEQMKLYGR FVEEDHIPYINAFQHFPEQMKLYGRDR FVEEDHIPYINAFQHFPEQM[+15.994915000000001]K FVEEDHIPYINAFQHFPEQM[+15.994915000000001]KLYGR GIFGIESWPDYEDIYK GIFGIESWPDYEDIYKK KTIEVGTFLDLPR TIEVGTFLDLPR TIEVGTFLDLPRFPDITEDC[+57.021464000000002]YLHPNILC[+57.021464000000002]MK TIEVGTFLDLPRFPDITEDC[+57.021464000000002]YLHPNILC[+57.021464000000002]M[+15.994915000000001]K
HPRR3760825,7.13158e-07,0.0,4,Unreviewed,153,IDPVPPPNEFVFNHWR LRIDPVPPPNEFVFNHWR YSHLITSHQFQPSELIK YWNHLQQNKHNAC[+57.021464000000002]ANAAK
HPRR4220485,8.78863e-07,0.0,9,Unreviewed,38,IWNDMSSK KLGIHPFQNSGFNHWK LGIHPFQNSGFNHWK MAYSLC[+57.021464000000002]R M[+15.994915000000001]AYSLC[+57.021464000000002]R RVITVHQISPEEMHR RVITVHQISPEEM[+15.994915000000001]HR VITVHQISPEEMHR VITVHQISPEEM[+15.994915000000001]HR
HPRR3760498,9.01669e-07,0.0,12,Unreviewed,11,FIKPWESPDEMELDEL FIKPWESPDEM[+15.994915000000001]ELDEL GKFIKPWESPDEMELDEL GKFIKPWESPDEM[+15.994915000000001]ELDEL GYYIIIVPLK GYYIIIVPLKK TAPDVLR TKPAFIGK TNLDGMITVQLPEVPANENIK TNLDGMITVQLPEVPANENIKGYYIIIVPLKK TNLDGM[+15.994915000000001]ITVQLPEVPANENIK TNLDGM[+15.994915000000001]ITVQLPEVPANENIKGYYIIIVPLKK
HPRR4350017,1.04575e-06,0.0,11,Unreviewed,15,ASEEDHTNAAC[+57.021464000000002]FAC[+57.021464000000002]ILLSHGEENVIYGK ASEEDHTNAAC[+57.021464000000002]FAC[+57.021464000000002]ILLSHGEENVIYGKDGVTPIKDLTAHFR DGVTPIKDLTAHFR DLTAHFR KASEEDHTNAAC[+57.021464000000002]FAC[+57.021464000000002]ILLSHGEENVIYGK KASEEDHTNAAC[+57.021464000000002]FAC[+57.021464000000002]ILLSHGEENVIYGKDGVTPIK NFDKVTGMGVR NFDKVTGM[+15.994915000000001]GVR NGTDKDAEALFK NGTDKDAEALFKC[+57.021464000000002]FR SLGFDVIVYNDC[+57.021464000000002]SC[+57.021464000000002]AK
HPRR230870;HPRR4200118,1.0574e-06,0.0,2,Unreviewed,205,MDSNFGLAGLPGSPK M[+15.994915000000001]DSNFGLAGLPGSPK
HPRR3761047,1.08663e-06,0.0,5,Unreviewed,129,ASARPVGISEPK KMTEEYPALP SLIPPVPR TSASASLEATAMGTEK TSASASLEATAM[+15.994915000000001]GTEK
HPRR3890095,1.09384e-06,0.0,8,Unreviewed,56,DQQGPGTLAQPAHVR LFPVPVDPGTPC[+57.021464000000002]R RLFPVPVDPGTPC[+57.021464000000002]R RLFPVPVDPGTPC[+57.021464000000002]RLC[+57.021464000000002]R TPRDQQGPGTLAQPAHVR VSIPLSILEPPHR VSIPLSILEPPHRYHIHR VSIPLSILEPPHRYHIHRR
HPRR2550362,1.09384e-06,0.0,6,Unreviewed,113,DQQGPGTLAQPAHVR ESSGSGVEEDHEC[+57.021464000000002]VYC[+57.021464000000002]YR LFPVPVDPGTPC[+57.021464000000002]R RLFPVPVDPGTPC[+57.021464000000002]R RLFPVPVDPGTPC[+57.021464000000002]RLC[+57.021464000000002]R TPRDQQGPGTLAQPAHVR
HPRR3720617,1.19946e-06,0.0,7,Unreviewed,91,LDM[+15.994915000000001]RTDLATLR LDM[+15.994915000000001]RTDLATLRELSK LIPVTHEQGTVLAK QRLIPVTHEQGTVLAK QVGAVSYVEC[+57.021464000000002]SSR TDLATLR TDLATLRELSK
HPRR4470196,1.20064e-06,0.0,9,Unreviewed,32,ISTAEILHSR LSISSGFSGSHLESQYFE NRSQGNIISYK NRSQGNIISYKR RISTAEILHSR RLSISSGFSGSHLESQYFE RRISTAEILHSR SQGNIISYK SQGNIISYKR
HPRR3890842,1.21199e-06,0.0,4,Unreviewed,148,C[+57.021464000000002]ASHLKPEC[+57.021464000000002]DC[+57.021464000000002]GPLK C[+57.021464000000002]ASHLKPEC[+57.021464000000002]DC[+57.021464000000002]GPLKDHILPPTTIC[+57.021464000000002]PVVLQTLPTSGVSVPEER DHILPPTTIC[+57.021464000000002]PVVLQTLPTSGVSVPEER SGSQQPNKVIDKNK
HPRR4350028,1.28868e-06,0.0,7,Unreviewed,71,FC[+57.021464000000002]HPIYFPPR FC[+57.021464000000002]HPIYFPPRR RWFHSSC[+57.021464000000002]YQPFC[+57.021464000000002]R SRFC[+57.021464000000002]HPIYFPPR SRFC[+57.021464000000002]HPIYFPPRR WFHSSC[+57.021464000000002]YQPFC[+57.021464000000002]R YLNYRIHTSPSQSYR
HPRR3760142,1.38968e-06,0.0,3,Unreviewed,177,C[+57.021464000000002]NSADLVNMHILQASTAER NRC[+57.021464000000002]NSADLVNMHILQASTAER NRC[+57.021464000000002]NSADLVNM[+15.994915000000001]HILQASTAER
HPRR3700338,1.4297e-06,0.0,6,Unreviewed,108,AIQAKDTFPNVTILSTLETLQIIKPLDVC[+57.021464000000002]C[+57.021464000000002]VTK DTFPNVTILSTLETLQIIKPLDVC[+57.021464000000002]C[+57.021464000000002]VTK NLLAFYVDR NLLAFYVDRVFK NLLAFYVDRVFKDHQEPNPK VFKDHQEPNPK
HPRR4430109,1.55052e-06,0.0,3,Unreviewed,164,FLRPWYF LLKPNSSLSNLETAYFPQNLR SC[+57.021464000000002]NRPC[+57.021464000000002]VWSR
HPRR4520046,1.55438e-06,0.0,10,Unreviewed,21,APPFVAR AWQEKNHPWLELSDVHR AWQEKNHPWLELSDVHRETTENIR ETLRAWQEK FLLYDQTK FLLYDQTKAPPFVAR NHPWLELSDVHR NHPWLELSDVHRETTENIR VTVIPFYMGMR VTVIPFYM[+15.994915000000001]GMR
HPRR4190190,1.63658e-06,0.0,9,Unreviewed,40,DAFPEAIIVKPSDIFGR DAFPEAIIVKPSDIFGREDR EAGVEKFIHVSHLNANIK EDRFLNSFASM[+15.994915000000001]HR FIHVSHLNANIK FLNSFASMHR FLNSFASM[+15.994915000000001]HR VVRDAFPEAIIVKPSDIFGR VVRDAFPEAIIVKPSDIFGREDR
HPRR2970116,1.64571e-06,0.0,6,Unreviewed,112,FPAAGMSRPLDTSLR KLQESGFYWSAVTGGEANLLLSA LKTFSSKSEYQLVVNAVR SEYQLVVNAVR SEYQLVVNAVRK TFSSKSEYQLVVNAVR
HPRR3730410,1.73131e-06,0.0,5,Unreviewed,133,LENVSGYYADAR LEVGSTQLR SC[+57.021464000000002]C[+57.021464000000002]QVVTFTFPFGFQGISQR SC[+57.021464000000002]C[+57.021464000000002]QVVTFTFPFGFQGISQRLENVSGYYADAR SC[+57.021464000000002]C[+57.021464000000002]QVVTFTFPFGFQGISQRLENVSGYYADARLEVGSTQLR
HPRR4110422,1.83439e-06,0.0,2,Unreviewed,192,ESLAGFLLSVSATTR QENVTVFGC[+57.021464000000002]LTHEVPLSLGDAAVTC[+57.021464000000002]SK
HPRR3780090,1.91601e-06,0.0,4,Unreviewed,151,MTHNALENINVIGQGLK M[+15.994915000000001]THNALENINVIGQGLK RRSSVSPHDVQQIQADPEPE SSVSPHDVQQIQADPEPE
HPRR280081;HPRR3780091,2.11424e-06,0.0,4,Unreviewed,157,DQTIRFDHVITNMNNNYEPR DQTIRFDHVITNM[+15.994915000000001]NNNYEPR IAFSATR TINVPLRR
HPRR4030132,2.18091e-06,0.0,3,Unreviewed,172,ALGTTNIDLPASLR GIGVSSNGAKPELSEK GIGVSSNGAKPELSEKVTEDGTR
HPRR4320491,2.25702e-06,0.0,1,Unreviewed,220,AQAVLQAVTAVQTANTPLSGTTVSESAVTPAQSPVLRI
HPRR4000237,2.31858e-06,0.0,9,Unreviewed,44,GISSSNEGVEEPSK GISSSNEGVEEPSKKR ILSMAEGIK ILSMAEGIKVTDAPTYTTRDELVAK ILSM[+15.994915000000001]AEGIK RGISSSNEGVEEPSK VMDKILSMAEGIK VTDAPTYTTR VTDAPTYTTRDELVAK
HPRR4000109,2.34886e-06,0.0,3,Unreviewed,173,SLSSQASKLGEQM[+15.994915000000001] VIDLPGGGAAFVMEHLK VIDLPGGGAAFVM[+15.994915000000001]EHLK
HPRR4290976,2.36315e-06,0.0,3,Unreviewed,168,ALWPAC[+57.021464000000002]LHGSSTLAVC[+57.021464000000002]QTHLK ALWPAC[+57.021464000000002]LHGSSTLAVC[+57.021464000000002]QTHLKS VSC[+57.021464000000002]LETLGFSAAGVAGPENR
HPRR3090113,2.36315e-06,0.0,2,Unreviewed,201,ALWPAC[+57.021464000000002]LHGSSTLAVC[+57.021464000000002]QTHL VSC[+57.021464000000002]LETLGFSAAGVAGPENR
HPRR3760365,2.53779e-06,0.0,8,Unreviewed,63,C[+57.021464000000002]KGIYYWNSR GIYYWNSR KLYGC[+57.021464000000002]DEVDGNFHQSSGVHFH LYGC[+57.021464000000002]DEVDGNFHQSSGVHFH NQPGENLC[+57.021464000000002]QC[+57.021464000000002]SIR NQPGENLC[+57.021464000000002]QC[+57.021464000000002]SIRK RNQPGENLC[+57.021464000000002]QC[+57.021464000000002]SIR RNQPGENLC[+57.021464000000002]QC[+57.021464000000002]SIRK
HPRR3720402,2.74945e-06,0.0,6,Unreviewed,107,ASRLPGPTGSVVSTGTSFSSSSPGLASAGAAEGK LPGPTGSVVSTGTSFSSSSPGLASAGAAEGK QGAESDQAEPIIC[+57.021464000000002]SSGAEAPANSLPSK QGAESDQAEPIIC[+57.021464000000002]SSGAEAPANSLPSKVPTTLMPVNTVALKV QGAESDQAEPIIC[+57.021464000000002]SSGAEAPANSLPSKVPTTLM[+15.994915000000001]PVNTVALKV VPTTLMPVNTVALKV
HPRR3770043,2.77683e-06,0.0,7,Unreviewed,88,FSVLPPTFHPGDQK FSVLPPTFHPGDQKQYGGFDNR FSVLPPTFHPGDQKQYGGFDNRGLEPGHR QLEVPRPYIAAR QYGGFDNRGLEPGHR SEPTFAASPFSDPFQLDNPD YVLFVLAVLQK
HPRR2320042;HPRR3890141,3.04098e-06,0.0,2,Unreviewed,203,LELYGAC[+57.021464000000002]VEEEGALTGGPK LELYGAC[+57.021464000000002]VEEEGALTGGPKR
HPRR3830169,3.12359e-06,0.0,6,Unreviewed,100,IIEEMDRR INTILEQVVILGK RYLIDC[+57.021464000000002]EVER SVGNIKDVQEFR SVGNIKDVQEFRR YLIDC[+57.021464000000002]EVERINTILEQVVILGK
HPRR233074;HPRR4450234,3.31793e-06,0.0,3,Unreviewed,182,DGDSGGPELSDWEK YLDHEQKEQISLLR YLDHEQKEQISLLRDGDSGGPELSDWEK
HPRR4110358,3.3586e-06,0.0,4,Unreviewed,143,SDVQNTQLTVETTNIEGTISYPLEETKITR TDVIHGQDKSDVQNTQLTVETTNIEGTISYPLEETK TDVIHGQDKSDVQNTQLTVETTNIEGTISYPLEETKITR YFPDETINAC[+57.021464000000002]K
HPRR4280057,3.40559e-06,0.0,11,Unreviewed,16,DLSQAQLQHYMK DLSQAQLQHYMKESAQLLSEK DLSQAQLQHYM[+15.994915000000001]K DLSQAQLQHYM[+15.994915000000001]KESAQLLSEK ESAQLLSEK IAFKTSDFSR LVVPAVEK LVVPAVEKYPSGVAFK NKLVVPAVEK NKLVVPAVEKYPSGVAFK YPSGVAFK
HPRR4160788,3.58535e-06,0.0,11,Unreviewed,17,GNETQLMLNSLQPNK GNETQLMLNSLQPNKVYR GNETQLM[+15.994915000000001]LNSLQPNKVYR ISAGTAAGFGAPSQWMHHR ISAGTAAGFGAPSQWM[+15.994915000000001]HHR TPSMHNQSHVPFAPAELK TPSMHNQSHVPFAPAELKVQAK TPSM[+15.994915000000001]HNQSHVPFAPAELK TPSM[+15.994915000000001]HNQSHVPFAPAELKVQAK VRISAGTAAGFGAPSQWMHHR VRISAGTAAGFGAPSQWM[+15.994915000000001]HHR
HPRR3730022,3.70005e-06,0.0,6,Unreviewed,104,GTTPNLMR IIATTEGLTGLWK IIATTEGLTGLWKGTTPNLMR LQAQSHLHGIKPR VRLQAQSHLHGIKPR YTGTYNAYR
HPRR2110498,3.81638e-06,0.0,3,Unreviewed,184,ILSDPGLHR LQPGDIGIYR QLYFLQRPSNVVAIEGK
HPRR4160447,3.89013e-06,0.0,4,Unreviewed,142,DPDANWDSPSR DPDANWDSPSRVPFSSGQHSTQSFPPSLMSK SKSPRDPDANWDSPSR SSSPGKPQAVSSLNSSHSR
HPRR4190087,4.08255e-06,0.0,8,Unreviewed,52,DMSLKDSGSDLSHRPK DM[+15.994915000000001]SLKDSGSDLSHRPK FHESYNF NTADHDESPPRTPTGNAPSSESDIDISSPNVSHDESIAK RFHESYNF SSGSETEQVVDFSDR SSGSETEQVVDFSDRETK TPTGNAPSSESDIDISSPNVSHDESIAK
HPRR3790495,4.24899e-06,0.0,5,Unreviewed,128,GPAVPPELDKHFLLC[+57.021464000000002]EAC[+57.021464000000002]G LLDHMAPPPVADQASPR LLDHM[+15.994915000000001]APPPVADQASPR VVHC[+57.021464000000002]QPLDLK VVHC[+57.021464000000002]QPLDLKGPAVPPELDKHFLLC[+57.021464000000002]EAC[+57.021464000000002]G
HPRR3920089,4.35181e-06,0.0,5,Unreviewed,124,ALYPMAQC[+57.021464000000002]HLSR ALYPM[+15.994915000000001]AQC[+57.021464000000002]HLSR LLLM[+15.994915000000001]STDQEELSR VFGHSGGPC[+57.021464000000002]GGLLSLSFPHEK WYHSLTWAISS
HPRR4220263,4.52006e-06,0.0,8,Unreviewed,50,LIIDFLASVHNTDNNK LIIDFLASVHNTDNNKKLD QDQVLDVSGADMLAK QDQVLDVSGADM[+15.994915000000001]LAK SIANC[+57.021464000000002]QVELLENC[+57.021464000000002]GHSVVMERPR SIANC[+57.021464000000002]QVELLENC[+57.021464000000002]GHSVVMERPRK SIANC[+57.021464000000002]QVELLENC[+57.021464000000002]GHSVVM[+15.994915000000001]ERPR SIANC[+57.021464000000002]QVELLENC[+57.021464000000002]GHSVVM[+15.994915000000001]ERPRK
HPRR1951431,4.52006e-06,0.0,7,Unreviewed,93,QDQVLDVSGADMLAK QDQVLDVSGADM[+15.994915000000001]LAK QLC[+57.021464000000002]SYVR SIANC[+57.021464000000002]QVELLENC[+57.021464000000002]GHSVVMERPR SIANC[+57.021464000000002]QVELLENC[+57.021464000000002]GHSVVMERPRK SIANC[+57.021464000000002]QVELLENC[+57.021464000000002]GHSVVM[+15.994915000000001]ERPR SIANC[+57.021464000000002]QVELLENC[+57.021464000000002]GHSVVM[+15.994915000000001]ERPRK
HPRR4060165,4.55872e-06,0.0,10,Unreviewed,25,DPEAFLVQIVSK GLAVEVGEDFNIK GTQRDPEAFLVQIVSK LLNAFIVAEK LLNAFIVAEKQK QKGLAVEVGEDFNIK SQLPSENR SQLPSENREGK VIFSTLLGMK VIFSTLLGM[+15.994915000000001]KGTQRDPEAFLVQIVSK
HPRR4060158,4.79388e-06,0.0,7,Unreviewed,74,ALLAFQESK ESGMTMEELKYSLELK LIQEAPKPEC[+57.021464000000002]EK LIQEAPKPEC[+57.021464000000002]EKALLAFQESK NLC[+57.021464000000002]EAMENFMQQLK YSLELKK YSLELKKAELK
HPRR4110123,5.0289e-06,0.0,8,Unreviewed,53,ASDDLTALAQIMTIR ASDDLTALAQIMTIRGSR ASDDLTALAQIM[+15.994915000000001]TIR EVPAQDLR EVPAQDLRK GSRETIQAAKTFGK SILC[+57.021464000000002]SKEVPAQDLR SILC[+57.021464000000002]SKEVPAQDLRK
HPRR3760711,5.27091e-06,0.0,9,Unreviewed,47,EELSQKFDTLYAILDEK ENSHQVKEELSQKFDTLYAILDEK FDTLYAILDEK FDTLYAILDEKK FDTLYAILDEKKSELLQR ITQEQEKKLSFIEALI KLSFIEALI VQTIITQLEDSR VQTIITQLEDSRR
HPRR4320282,7.0653e-06,0.0,1,Unreviewed,236,AYYGNINFFGGPSNTSVK
HPRR2552126;HPRR4050552,7.26525e-06,0.0,1,Unreviewed,255,IIGKDYC[+57.021464000000002]QVSGSK
HPRR4050190,7.40024e-06,0.0,5,Unreviewed,121,EFGTARVAEGIYEC[+57.021464000000002]KEK LKEFGTAR VAEGIYEC[+57.021464000000002]K VAEGIYEC[+57.021464000000002]KEK VAEGIYEC[+57.021464000000002]KEKR
HPRR230897,7.67576e-06,0.0,2,Unreviewed,204,AGSTLRNSSLGT LANSTASVSR
HPRR3940080,8.27193e-06,0.0,4,Unreviewed,147,FLENQDKLFR IFQEC[+57.021464000000002]IETDISIQR QVTFVNSK TVTEASGHKYNPLGK
HPRR3120119;HPRR4500051,8.48828e-06,0.0,2,Unreviewed,200,HIMIDLGTGNNNK NKHIMIDLGTGNNNK
HPRR3730453,1.03131e-05,0.0,2,Unreviewed,196,QVQIEGETLALQVQDTPGIQVHENSLSC[+57.021464000000002]SEQLNR WADAVVIVFSITDYKSYELISQ
HPRR3760434,1.07802e-05,0.0,8,Unreviewed,62,FETQKYLS FSNDQTIELEKK FSNDQTIELEKKFETQK HDPLGKPLLWSPFLQRPLHK HDPLGKPLLWSPFLQRPLHKR KFETQKYLS TVNDYTHALLR TVNDYTHALLRHDPLGKPLLWSPFLQRPLHK
HPRR4240053,1.09868e-05,0.0,9,Unreviewed,37,KSLLPTLEKK SLDLNKNEYLSLDK SLDLNKNEYLSLDKSSTSDSVDEENVPEK SLLPTLEK SLLPTLEKK SSTSDSVDEENVPEKDLHGRL VSETESFDGNSSK VSETESFDGNSSKGGLGK VSETESFDGNSSKGGLGKEESQNEK
HPRR2501480,1.11244e-05,0.0,4,Unreviewed,158,DGSLLEVEK DGSLLEVEKVSLQQR LNQFQHELQK RLKVYEIK
HPRR4420246,1.12679e-05,0.0,9,Unreviewed,33,AC[+57.021464000000002]GLSFSVFR AC[+57.021464000000002]GLSFSVFRK C[+57.021464000000002]STC[+57.021464000000002]HLLQETAFQRPQLMR DFC[+57.021464000000002]SVC[+57.021464000000002]SVLQENLR DFC[+57.021464000000002]SVC[+57.021464000000002]SVLQENLRR HVC[+57.021464000000002]C[+57.021464000000002]DC[+57.021464000000002]KKDFC[+57.021464000000002]SVC[+57.021464000000002]SVLQENLR KDFC[+57.021464000000002]SVC[+57.021464000000002]SVLQENLRR RC[+57.021464000000002]STC[+57.021464000000002]HLLQETAFQRPQLMR RC[+57.021464000000002]STC[+57.021464000000002]HLLQETAFQRPQLM[+15.994915000000001]R
HPRR2760146,1.1287e-05,0.0,2,Unreviewed,202,EEGC[+57.021464000000002]TQENTESEYYAK ELLEEMHGER
HPRR4470205,1.13608e-05,0.0,3,Unreviewed,161,GVLQQIPTER KSILEGTYSVPPHVSEPC[+57.021464000000002]HR SILEGTYSVPPHVSEPC[+57.021464000000002]HR
HPRR4160302,1.14563e-05,0.0,10,Unreviewed,23,DIGEGAFGR ESAAVTLTTLPSELLLDR ESAAVTLTTLPSELLLDRLHPNPMYQR ESAAVTLTTLPSELLLDRLHPNPM[+15.994915000000001]YQR LLSLEYPR LLSLEYPRNNIEYVR LLSLEYPRNNIEYVRDIGEGAFGR MPLLLNPK NNIEYVR NNIEYVRDIGEGAFGR
HPRR4030471,1.16504e-05,0.0,7,Unreviewed,78,KSTTSQNISDENQTHEMIMER LAGDSFWYSILGGLWDFDYHPEFNQENHKR RYLGQVTLTHK STTSQNISDENQTHEMIMER STTSQNISDENQTHEM[+15.994915000000001]IMER STTSQNISDENQTHEM[+15.994915000000001]IM[+15.994915000000001]ER YLGQVTLTHK
HPRR3760527,1.41263e-05,0.0,4,Unreviewed,154,KLNSGDNLIVEEAVQELNSFLAQENMR LQELTDLLQEK LQELTDLLQEKHR TMSQEFSKLQSK
HPRR4350072,1.48137e-05,0.0,3,Unreviewed,166,HHPTTLAVGIC[+57.021464000000002]SPASR HHPTTLAVGIC[+57.021464000000002]SPASRSISLLRLSFHQ SISLLRLSFHQ
HPRR3720023,1.48206e-05,0.0,8,Unreviewed,66,FPVPVLK LSLGGSEM[+15.994915000000001]GLSSHLQSSK STPLSPAYISLVEEEDQHMK STPLSPAYISLVEEEDQHM[+15.994915000000001]K TSSPAIWK TSSPAIWKFPVPVLK WKTSSPAIWK WKTSSPAIWKFPVPVLK
HPRR3830237,1.52548e-05,0.0,4,Unreviewed,150,KKPTWGRPSRDWR KWSLTPSPSAEAQRPEQLC[+57.021464000000002]K RKWSLTPSPSAEAQRPEQLC[+57.021464000000002]K WSLTPSPSAEAQRPEQLC[+57.021464000000002]K
HPRR3790667,1.57791e-05,0.0,8,Unreviewed,58,C[+57.021464000000002]NQC[+57.021464000000002]GQDFSHKFDLIR C[+57.021464000000002]NQC[+57.021464000000002]GQDFSHKFDLIRHER EKQSNEFGKPFYHC[+57.021464000000002]ASYVVTPFK GLEHNLDLLR GLEHNLDLLRYEK QSNEFGKPFYHC[+57.021464000000002]ASYVVTPFK QSNEFGKPFYHC[+57.021464000000002]ASYVVTPFKC[+57.021464000000002]NQC[+57.021464000000002]GQDFSHK QSNEFGKPFYHC[+57.021464000000002]ASYVVTPFKC[+57.021464000000002]NQC[+57.021464000000002]GQDFSHKFDLIR
HPRR4030441,1.60715e-05,0.0,7,Unreviewed,79,HTVVVYC[+57.021464000000002]DRDTQLAR QLLNAITHPEIR QLLNAITHPEIRK RQLLNAITHPEIR RQLLNAITHPEIRK YVILDIPLLFETK YVILDIPLLFETKK
HPRR3970058,1.67972e-05,0.0,3,Unreviewed,174,QTGAELRPPPPEEDNPEVVRPHNGR SVSYQLSPLDSTTPHTLVHDK SVSYQLSPLDSTTPHTLVHDKAHHTLADLKR
HPRR4390367,1.88599e-05,0.0,5,Unreviewed,117,LTDSLFLWVGATPHLR LWEQLVHFHVMR LWEQLVHFHVM[+15.994915000000001]R NLAVAMC[+57.021464000000002]SR YDSIPVSTSLLGDTSDT
HPRR4350010,2.02624e-05,0.0,4,Unreviewed,139,SQDFHFHLK TKSQDFHFHLK VTVVGNENNSLLIESIK YHNLSLYTE
HPRR4440122,2.13221e-05,0.0,7,Unreviewed,69,KQSHPEIISYLEK QQTDFLDIYHAFR QQTDFLDIYHAFRK QSHPEIISYLEK VIPLISDAGLR VIPLISDAGLRWR WRLTDLC[+57.021464000000002]TK
HPRR3730314,2.15647e-05,0.0,10,Unreviewed,29,EREEAATADPLIK IEDAGPYHAYVC[+57.021464000000002]SEASSVTSM IEDAGPYHAYVC[+57.021464000000002]SEASSVTSM[+15.994915000000001] ISQLKIEDAGPYHAYVC[+57.021464000000002]SEASSVTSM ISQLKIEDAGPYHAYVC[+57.021464000000002]SEASSVTSM[+15.994915000000001] VVWLFNTSIISK VVWLFNTSIISKER VVWLFNTSIISKEREEAATADPLIK VWVSSQDC[+57.021464000000002]SLK VWVSSQDC[+57.021464000000002]SLKISQLK
HPRR3970041,2.23864e-05,0.0,11,Unreviewed,18,DERKNPDSQYGELIEK EGKIVPVEITISLLK EGKIVPVEITISLLKR EMDQTMAANAQK FLIDGFPR IVPVEITISLLK IVPVEITISLLKR KNPDSQYGELIEK KNPDSQYGELIEKYIK NKFLIDGFPR NPDSQYGELIEK
HPRR4530049,2.2902e-05,0.0,5,Unreviewed,115,AISSIGLEC[+57.021464000000002]QSVTSR AISSIGLEC[+57.021464000000002]QSVTSRGDLATC[+57.021464000000002]PR IQEVAGSLIFR TLC[+57.021464000000002]SMEEAINER TLC[+57.021464000000002]SM[+15.994915000000001]EEAINER
HPRR3880239,2.52084e-05,0.0,7,Unreviewed,85,IPRPKPAPLT KIPRPKPAPLT LYKYDHNFVK SWTATTYMEYETLTLGDMIRR SWTATTYM[+15.994915000000001]EYETLTLGDMIR SWTATTYM[+15.994915000000001]EYETLTLGDM[+15.994915000000001]IR YSNRLYKYDHNFVK
HPRR4180065,2.83342e-05,0.0,3,Unreviewed,169,AGHFQNTSSPSAR C[+57.021464000000002]ENQGLVEAAPGTAQSDTTC[+57.021464000000002]K C[+57.021464000000002]ENQGLVEAAPGTAQSDTTC[+57.021464000000002]KNPLEPLPPEMSGT
HPRR4350071,3.44723e-05,0.0,13,Unreviewed,5,APKDNSLYSVLK C[+57.021464000000002]TDLAPLSQK C[+57.021464000000002]TDLAPLSQKFHK DNSLYSVLK ETLTDEMGSK ETLTDEMGSKYSAFGK ETLTDEM[+15.994915000000001]GSKYSAFGK IWHIDNQMDR IWHIDNQMDRYQGNQDR IWHIDNQM[+15.994915000000001]DRYQGNQDR QVTVISR SQQIISGELLFQREILER VLRQVTVISR
HPRR231837,3.44723e-05,0.0,3,Unreviewed,183,C[+57.021464000000002]TDLAPLSQK C[+57.021464000000002]TDLAPLSQKFHK YNASC[+57.021464000000002]SVPEK
HPRR4040007,3.5899e-05,0.0,6,Unreviewed,98,GPIFELK GPLGPGGRGPIFELK LHVAAELVQGTVPLEVPQVKPK LHVAAELVQGTVPLEVPQVKPKR RTDDGKGLGMQLK SVAAGC[+57.021464000000002]PVLLGKDNPSP
HPRR3690184,3.6467e-05,0.0,6,Unreviewed,109,AESDLDYIQYR AESDLDYIQYRLEYEIK LEYEIKTNHPDSASEKNPVTLLK NPVTLLK TNHPDSASEKNPVTLLK TNHPDSASEKNPVTLLKELSVIK
HPRR2551790,3.91909e-05,0.0,3,Unreviewed,181,NLGQNLWGPHR TVVSGSC[+57.021464000000002]AAHSLLITTEGK YGC[+57.021464000000002]LAGVR
HPRR4030092,4.24699e-05,0.0,7,Unreviewed,82,AEVTEEFKDPSDR AEVTEEFKDPSDRVMK AEVTEEFKDPSDRVM[+15.994915000000001]K AFHFTAMPK AFHFTAM[+15.994915000000001]PK IHRAEVTEEFKDPSDR LITSDVLEEMLNVHDHYQNMK
HPRR4190113,4.25435e-05,0.0,8,Unreviewed,51,GSKQFEYDIK NSSFGFDINK NSSFGFDINKEK NSSFGFDINKEKAHSGGIK QFEYDIK QFEYDIKTK TNTWFQC[+57.021464000000002]K TNTWFQC[+57.021464000000002]KEPK
HPRR3330016,4.40674e-05,0.0,2,Unreviewed,199,GTGDWWLAR VESLEMERWF
HPRR4030303,4.54898e-05,0.0,7,Unreviewed,80,LELWAPAR LRYDSAVK QLSPFRETGQVLK QLSPFRETGQVLKLR VSSATNEALGRLELWAPAR YDSAVKVSSATNEALGR YDSAVKVSSATNEALGRLELWAPAR
HPRR4420307,4.59755e-05,0.0,4,Unreviewed,138,HLIRQGAELDAR QGAELDAR QTAPLAIATAR TKQTAPLAIATAR
HPRR4440366,4.98935e-05,0.0,3,Unreviewed,163,EFYELDLSLLAPYSVDQSLSTAAC[+57.021464000000002]LRR VLILLGGNALSPK VLILLGGNALSPKEFYELDLSLLAPYSVDQSLSTAAC[+57.021464000000002]LR
HPRR4340107,5.10263e-05,0.0,3,Unreviewed,167,AAPAAGSRPVC[+57.021464000000002]GGVPEPTGLDAAC[+57.021464000000002]TK AAPAAGSRPVC[+57.021464000000002]GGVPEPTGLDAAC[+57.021464000000002]TKLQSLQR LFEPTTPAPPLRPPDSLSR
HPRR4030335,5.78594e-05,0.0,14,Unreviewed,4,DPYC[+57.021464000000002]HPVC[+57.021464000000002]ANR DPYC[+57.021464000000002]HPVC[+57.021464000000002]ANRFSTSSLLLR FSTSSLLLR IYADPTK IYADPTKR IYADPTKRLELYFRPK LELYFRPK LELYFRPKDPYC[+57.021464000000002]HPVC[+57.021464000000002]ANR MLPTLGGEEGVSR MVC[+57.021464000000002]VEYPGVVR RLELYFRPK RLELYFRPKDPYC[+57.021464000000002]HPVC[+57.021464000000002]ANR RMVC[+57.021464000000002]VEYPGVVR RMVC[+57.021464000000002]VEYPGVVRDVAK
HPRR3790889,5.82605e-05,0.0,5,Unreviewed,127,HLSHSDAYVIR HLSHSDAYVIRI HTC[+57.021464000000002]SGLQVR LAFRPC[+57.021464000000002]GNANPHK LAFRPC[+57.021464000000002]GNANPHKWVR
HPRR4000204,6.80319e-05,0.0,7,Unreviewed,83,HPGYSTQTHVNDLMLVK HPGYSTQTHVNDLM[+15.994915000000001]LVK MNEYTVHLGSDTLGDR MNEYTVHLGSDTLGDRR M[+15.994915000000001]NEYTVHLGSDTLGDR SFRHPGYSTQTHVNDLMLVK SFRHPGYSTQTHVNDLM[+15.994915000000001]LVK
HPRR4030022,6.86661e-05,0.0,8,Unreviewed,55,LEGLIQPDDLINQLTFIMDANQTYLVSERLER LEGLIQPDDLINQLTFIMDANQTYLVSERLEREER LEGLIQPDDLINQLTFIM[+15.994915000000001]DANQTYLVSER LEGLIQPDDLINQLTFIM[+15.994915000000001]DANQTYLVSERLEREER VSQALRENTYPFLAMIMLK VSQALRENTYPFLAMIMLKDR VSQALRENTYPFLAMIM[+15.994915000000001]LK VSQALRENTYPFLAM[+15.994915000000001]IM[+15.994915000000001]LK
HPRR3760446,6.93514e-05,0.0,5,Unreviewed,131,ANHSLHNEGAI IELTLTELHDGLPDETANLLNEQNC[+57.021464000000002]VTHSK MDKTPQSSDSENTKIELTLTELHDGLPDETANLLNEQNC[+57.021464000000002]VTHSK M[+15.994915000000001]DKTPQSSDSENTKIELTLTELHDGLPDETANLLNEQNC[+57.021464000000002]VTHSK TPQSSDSENTKIELTLTELHDGLPDETANLLNEQNC[+57.021464000000002]VTHSK
HPRR2210058;HPRR3520015,7.28265e-05,0.0,1,Unreviewed,256,NDYTQGC[+57.021464000000002]EPGHR
HPRR4320671,7.71957e-05,0.0,1,Unreviewed,211,VVGWGLGSASPEGQK
HPRR4030352,7.90797e-05,0.0,8,Unreviewed,54,DNTVSIIDEEQLR DNTVSIIDEEQLRGDRR GDRRQPLWMYR ISERPSVYLAAR ISERPSVYLAARR QPLWMYR SKPSQIRDNTVSIIDEEQLR SKPSQIRDNTVSIIDEEQLRGDR
HPRR2330125,7.90797e-05,0.0,8,Unreviewed,68,DNTVSIIDEEQLR DNTVSIIDEEQLRGDRR FQRVNFGPYDNYIPVSELSK GDRRQPLWMYR KSWNQQHFALLFPKPQRPGTK QPLWMYR SKPSQIRDNTVSIIDEEQLR SKPSQIRDNTVSIIDEEQLRGDR
HPRR2760304,9.50446e-05,0.0,3,Unreviewed,180,GDSGSPATWTTR HSQTTAIPSC[+57.021464000000002]PEGTVPLYSGFSFL RGDSGSPATWTTR
HPRR3950025,0.00012933,0.0,4,Unreviewed,146,C[+57.021464000000002]SSTLVTHSKGYENGTNR C[+57.021464000000002]SSTLVTHSKGYENGTNRLR NKPLDPEMQC[+57.021464000000002]LLLS NKPLDPEM[+15.994915000000001]QC[+57.021464000000002]LLLS
HPRR1450208,0.000129454,0.0,6,Unreviewed,114,EAITLSDLLR FVEEDHIPYINAFQHFPEQMK FVEEDHIPYINAFQHFPEQMKLYGR FVEEDHIPYINAFQHFPEQM[+15.994915000000001]K FVEEDHIPYINAFQHFPEQM[+15.994915000000001]KLYGR GIVKM[+15.994915000000001]TM[+15.994915000000001]PQTLAFC[+57.021464000000002]YLSLLWQR
HPRR3720421,0.000141234,0.0,6,Unreviewed,106,DQLQVLVSK IVTATVNNSVL KIVTATVNNSVL LQDKNSFLEK QNSIIEELEK QNSIIEELEKK
HPRR4190550,0.000145448,0.0,6,Unreviewed,95,DLLEVPEIK DLLEVPEIKTEGDK DLLEVPEIKTEGDKFIPC[+57.021464000000002]ENR TEGDKFIPC[+57.021464000000002]ENR TEGDKFIPC[+57.021464000000002]ENRC[+57.021464000000002]DSETER YVLTDHKKDLLEVPEIK
HPRR4080136,0.000211813,0.0,4,Unreviewed,144,GFIMLTR GFIM[+15.994915000000001]LTR GLISDQC[+57.021464000000002]GSSR RGFIM[+15.994915000000001]LTR
HPRR4320428,0.000241556,0.0,1,Unreviewed,225,LSAPGC[+57.021464000000002]WAAC[+57.021464000000002]TNFSR
HPRR4320381,0.000260981,0.0,8,Unreviewed,49,DVELTSM[+15.994915000000001]KGEVTSM[+15.994915000000001]KK FSDISEKLMER LQGLYDSLR LQGLYDSLRLR LRNITIANHEGTLE NITIANHEGTLE QYQKLQGLYDSLR VLEEYKK
HPRR3450023,0.000299284,0.0,2,Unreviewed,198,C[+57.021464000000002]SDNYEAQAEK NQGQSEGNQHQSEGNPDKSEESQGQPEENHHSER
HPRR4030233,0.00065358,0.0,3,Unreviewed,171,DAISIFHYAK VTLHC[+57.021464000000002]SFWSSEWVSDDISFIWR YQPEGGRDAISIFHYAK
HPRR3730312,0.000669631,0.0,8,Unreviewed,64,DKPTNNFPK DKPTNNFPKNQTPVR NSFTPLSSSNTIR NSFTPLSSSNTIRRPR NYSVGSRPLKPLSPLR NYSVGSRPLKPLSPLRAQDMQEG RNSFTPLSSSNTIR RNSFTPLSSSNTIRRPR
HPRR4470317,0.00113026,0.0,3,Unreviewed,160,GVQELLLK LWQIQHHLMVR LWQIQHHLM[+15.994915000000001]VR
HPRR4290343,0.00124889,0.0,2,Unreviewed,190,VYYFNHITNASQWERPSGNSSSGGK VYYFNHITNASQWERPSGNSSSGGKNGQGEPAR
HPRR4420088,0.0042797,0.0,5,Unreviewed,116,DGRYTPC[+57.021464000000002]SYR DGRYTPC[+57.021464000000002]SYRGM[+15.994915000000001]EER DLSNNPMTHITHGTSMNR YTPC[+57.021464000000002]SYR YTPC[+57.021464000000002]SYRGM[+15.994915000000001]EER
HPRR3730429,0.00615232,0.0,3,Unreviewed,178,HLKEYKQEMDLLLQEK LIHADINVMENTIK QSENDLNKLLESTRR
HPRR4320450,0.0107109,0.0,1,Unreviewed,224,FVTDQGAC[+57.021464000000002]AGSPSLVAAAR
DECOY_HPRR4320582,0.0209871,0.009216589861751152,1,Unreviewed,269,DAPLQPSPEEVVQK
HPRR4320393,0.0246185,0.009216589861751152,1,Unreviewed,228,DPSLLINAC[+57.021464000000002]LNKLLLYR
HPRR4291057,0.0249994,0.009216589861751152,2,Unreviewed,189,ATSPHQGASPPHIC[+57.021464000000002]SPATLDPALQAMRAAIER EQELC[+57.021464000000002]LQLK
HPRR4320456,0.0257584,0.009216589861751152,1,Unreviewed,223,WWTC[+57.021464000000002]FVKR
HPRR4320317,0.0334865,0.009216589861751152,1,Unreviewed,232,EVAPVPKI
HPRR4320680,0.0373469,0.009216589861751152,1,Unreviewed,210,QWAAFTLHLADGHSAQGDFPPR
HPRR4320036,0.053626,0.009216589861751152,1,Unreviewed,246,ETLNSIWNVEDHINPK
DECOY_HPRR1010001,0.0646861,0.01834862385321101,1,Unreviewed,329,TFRYQC[+57.021464000000002]HAATLVWQPDILVGGC[+57.021464000000002]VHHGG
DECOY_HPRR233074,0.0676862,0.0273972602739726,1,Unreviewed,321,VLDLM[+15.994915000000001]QC[+57.021464000000002]LC[+57.021464000000002]DQFPLAEIAMSDLR
DECOY_HPRR4340089,0.0688575,0.03636363636363636,1,Unreviewed,258,LTPKNQC[+57.021464000000002]NSHC[+57.021464000000002]M[+15.994915000000001]NLETAGPSESHKNSK
DECOY_HPRR4320395,0.069571,0.04524886877828054,1,Unreviewed,281,WVIVM[+15.994915000000001]GSADSSALLSEDC[+57.021464000000002]NFSVDLVPASHGQLKNVAAK
DECOY_HPRR4320445,0.0723847,0.05405405405405406,1,Unreviewed,278,GDPGC[+57.021464000000002]QTC[+57.021464000000002]LLLPGVVK
DECOY_HPRR2110498;DECOY_HPRR3790336,0.0792423,0.06222222222222222,1,Unreviewed,324,QLFYLQR
HPRR4320525,0.0803349,0.06222222222222222,1,Unreviewed,217,EQISLAEK
HPRR4320257,0.0836274,0.06222222222222222,2,Unreviewed,188,LQNASRDLLGETLAQLIR VNVYHHLVETLKFAKGQR
DECOY_HPRR340039,0.0837328,0.07079646017699115,1,Unreviewed,311,LLDEQC[+57.021464000000002]IVGVYQPLAEEVPIYSHQVILKQEKEM[+15.994915000000001]SLNK
DECOY_HPRR3420055,0.0848108,0.07929515418502203,1,Unreviewed,310,ILTGGC[+57.021464000000002]THYRSGGSR
DECOY_HPRR4320286,0.0874279,0.08771929824561403,1,Unreviewed,286,EMSLGMREIAPGM[+15.994915000000001]R
DECOY_HPRR4320183,0.0902815,0.09565217391304348,1,Unreviewed,291,GDKSADQTTM[+15.994915000000001]FQQKVK
HPRR4320247,0.0922034,0.09565217391304348,1,Unreviewed,237,KDSKEEIYC[+57.021464000000002]QLPR
DECOY_HPRR4320647,0.0929874,0.10344827586206896,1,Unreviewed,266,EQIFGIFP
HPRR4320337,0.0935469,0.10344827586206896,1,Unreviewed,231,LFEDDDSNEKLFDEEEDSSEKLFDDSDER
DECOY_HPRR4320242,0.0955859,0.11158798283261803,1,Unreviewed,289,IDLPWGEKEAVK
DECOY_HPRR4340010,0.106851,0.11965811965811966,1,Unreviewed,262,KEKGTDTAPPSTK
DECOY_HPRR4320347,0.108105,0.1276595744680851,1,Unreviewed,282,TKPAAGAQAERPNWMAAIDFAETD
DECOY_HPRR3940080,0.114508,0.13333333333333333,1,Unreviewed,308,FLKDQNELFR
HPRR4320391,0.116006,0.13333333333333333,1,Unreviewed,229,LAASAPLR
HPRR4320527,0.116165,0.13333333333333333,1,Unreviewed,216,GGKHHLGLEEPKK
HPRR4320010,0.120777,0.13333333333333333,1,Unreviewed,248,MTVPISITNPDLLR
HPRR4310024,0.124178,0.13333333333333333,1,Unreviewed,252,IPFGSKSNMATLKDQLIYNLLK
DECOY_HPRR4291055,0.126455,0.14107883817427386,2,Unreviewed,207,LELEGQLRQVSGTMGALERGLADNAK LELEGQLRQVSGTM[+15.994915000000001]GALERGLADNAK
DECOY_HPRR4320192,0.127215,0.1487603305785124,1,Unreviewed,290,ALSVSIEVEDVSNEDSLNPIEVHGK
DECOY_HPRR4320078,0.129075,0.15637860082304528,1,Unreviewed,298,QELSLIR
DECOY_HPRR2050028,0.141747,0.16393442622950818,1,Unreviewed,326,KREEEQEGELMVR
DECOY_HPRR2441086,0.149161,0.17142857142857143,1,Unreviewed,320,LAGEALEAK
DECOY_HPRR2551324,0.150391,0.17886178861788618,1,Unreviewed,316,REDRLLEGASLHTYGYK
DECOY_HPRR4291036,0.150875,0.18548387096774194,1,Unreviewed,305,SLEQMLAEPQVEQGDAG
HPRR4320577,0.150999,0.18548387096774194,1,Unreviewed,214,LGSHPAPARAQKPGSSGLAAR
DECOY_HPRR4320619,0.151231,0.1927710843373494,1,Unreviewed,268,EEGPSMALSSEPWDVSLQFYNEAMELRER
DECOY_HPRR280081,0.151416,0.2,1,Unreviewed,313,M[+15.994915000000001]LNVC[+57.021464000000002]LNGRSSAHYTFYYLGPVK
DECOY_HPRR4320496,0.152381,0.20392156862745098,1,Unreviewed,276,FSDM[+15.994915000000001]FHHLGLLEVFTALNQITKLHANIWM[+15.994915000000001]MRWPEEVNDPLP
HPRR4320084,0.153726,0.20392156862745098,1,Unreviewed,244,QEVIDKLKEEAEQHK
HPRR4320397,0.153933,0.20392156862745098,1,Unreviewed,227,RAM[+15.994915000000001]EAQMQSEALSLLSNLADLANAVHWLPR
HPRR2150393,0.155945,0.20392156862745098,1,Unreviewed,257,QQYQNALMASRMDK
HPRR4320359,0.156241,0.20392156862745098,1,Unreviewed,230,LMLISM[+15.994915000000001]ANDLK
DECOY_HPRR4320102,0.159291,0.20930232558139536,1,Unreviewed,297,AIRPPVDDLSIPTIINSSVM[+15.994915000000001]QTNK
HPRR4291000,0.161012,0.20930232558139536,1,Unreviewed,254,DC[+57.021464000000002]YDMAALLINYGADVNLRC[+57.021464000000002]ANER
HPRR4320162,0.161098,0.20930232558139536,1,Unreviewed,242,WESLGPESRGRR
DECOY_HPRR232384,0.164471,0.21621621621621623,1,Unreviewed,322,QLGLTMR
DECOY_HPRR1370013,0.164672,0.2230769230769231,1,Unreviewed,328,LALIDHIAPHTGR
DECOY_HPRR4320432,0.164712,0.22988505747126436,1,Unreviewed,279,ASLVTVR
DECOY_HPRR2500716,0.165163,0.2366412213740458,1,Unreviewed,318,QNYLHLDAM[+15.994915000000001]QEGLK
DECOY_HPRR3720352,0.167005,0.24334600760456274,1,Unreviewed,309,AAHVVTHM[+15.994915000000001]LELNSRC[+57.021464000000002]LQVQASVLGELQKC[+57.021464000000002]HQTQNLALASPTK
DECOY_HPRR4291000,0.168433,0.24812030075187969,1,Unreviewed,307,RLLMEMIETHGSQAALALPTFGYTSQPDPHAGSVLM[+15.994915000000001]LK
HPRR4310055,0.170144,0.24812030075187969,1,Unreviewed,250,RSSSEESENAEK
HPRR4340087,0.172124,0.24812030075187969,1,Unreviewed,209,EVQRAMKLLDAR
DECOY_HPRR4340033,0.173841,0.2537313432835821,1,Unreviewed,261,EPIRINKDEYLDK
HPRR4320302,0.176751,0.2537313432835821,1,Unreviewed,234,SQAMTLPPFLEFGVPSPAHLRAWTVER
DECOY_HPRR4320549,0.178659,0.25735294117647056,1,Unreviewed,270,IAELLVSRADSIVPLTSPHR
HPRR4320468,0.17971,0.25735294117647056,1,Unreviewed,222,STPGLIPR
HPRR4320287,0.180164,0.25735294117647056,1,Unreviewed,235,M[+15.994915000000001]GLAMGGGGGASFDRAIEMER
HPRR4320009,0.180737,0.25735294117647056,1,Unreviewed,249,ENITYLKHDSVLK
DECOY_HPRR4320111,0.181226,0.26277372262773724,1,Unreviewed,295,TQTGQILTQIQK
HPRR4320413,0.183596,0.26277372262773724,1,Unreviewed,226,AGGSIQATIQNVHSAK
DECOY_HPRR4320642,0.185257,0.2690909090909091,1,Unreviewed,267,M[+15.994915000000001]LLMEIENASIK
DECOY_HPRR4320258,0.185889,0.2733812949640288,1,Unreviewed,288,KTLFSAQLTTIHK
HPRR4291055,0.187208,0.2733812949640288,1,Unreviewed,253,WAQRQEPSR
HPRR4320094,0.188066,0.2733812949640288,1,Unreviewed,243,SSNKDNPDSNFVSLQINITAVAQVEIR
DECOY_HPRR3140345,0.189876,0.2736842105263158,1,Unreviewed,312,FILSGAVEQIRENIAE
HPRR4320047,0.190013,0.2736842105263158,1,Unreviewed,245,KAQTLNNNVNRATQSAK
HPRR4320220,0.190132,0.2736842105263158,1,Unreviewed,238,QYEQQTYQVIPEVIKNFIQYFHK
HPRR4310027,0.195146,0.2736842105263158,1,Unreviewed,251,QAMSAPGVAAMSAVVIHNDTVLWTGNFGK
HPRR4320501,0.195267,0.2736842105263158,2,Unreviewed,187,IMQVIAM[+15.994915000000001]SKQQGVLQSSPK IM[+15.994915000000001]QVIAMSKQQGVLQSSPK
HPRR4340089,0.195463,0.2736842105263158,1,Unreviewed,208,IGERTNER
HPRR4320660,0.195463,0.2736842105263158,1,Unreviewed,212,WDLQALR
DECOY_HPRR1952061,0.196261,0.27972027972027974,1,Unreviewed,327,IPFENLK
DECOY_HPRR4340050,0.19809,0.2857142857142857,1,Unreviewed,260,DKVLVELSITPNQR
DECOY_HPRR4320329,0.198145,0.2916666666666667,1,Unreviewed,284,ELDAKQGELVSVERR
DECOY_HPRR4320508,0.198388,0.2975778546712803,1,Unreviewed,275,QEAMNEQIQIMRMNREFYYNVFDATLAPQK
DECOY_HPRR2650003,0.198752,0.30344827586206896,1,Unreviewed,314,ALRQALGTSTTDSTDGLLSTSVPISDYRSC[+57.021464000000002]MAVALNR
DECOY_HPRR4320318,0.200381,0.30927835051546393,1,Unreviewed,285,EISDPELEEHSLFIRLR
DECOY_HPRR4320339,0.200485,0.31399317406143346,1,Unreviewed,283,IQGFKSC[+57.021464000000002]EVR
HPRR4320599,0.200692,0.31399317406143346,1,Unreviewed,213,LLGPFPTSWDR
DECOY_HPRR4320055,0.201555,0.3197278911564626,1,Unreviewed,299,GRGAPNSSPQTPHVARSTK
DECOY_HPRR4291019,0.202607,0.32432432432432434,1,Unreviewed,306,SRPPHHRM[+15.994915000000001]VC[+57.021464000000002]PGAK
HPRR4320505,0.205884,0.32432432432432434,1,Unreviewed,218,ADAGHAGVSANMMK
DECOY_HPRR4320404,0.206664,0.32996632996632996,1,Unreviewed,280,STRGSLSMGM[+15.994915000000001]FGIRVVK
DECOY_HPRR2470377;DECOY_HPRR3920089,0.211511,0.33444816053511706,1,Unreviewed,319,SLHC[+57.021464000000002]QAM[+15.994915000000001]PYLAK
HPRR4320026,0.213772,0.33444816053511706,1,Unreviewed,247,FSFWQEK
DECOY_HPRR4320707,0.21399,0.34,1,Unreviewed,263,ENGGRTDERSEPNFHGPER
DECOY_HPRR4320704,0.214644,0.34551495016611294,1,Unreviewed,264,QPSSDSDTGLNLKEVSIDGTTRAESGPSAGPSFTGTGTANPILR
DECOY_HPRR4320523,0.215277,0.3509933774834437,1,Unreviewed,273,FHQTRAGSSWEWC[+57.021464000000002]AVTNDFSGTVLKQEDFK
DECOY_HPRR4320153,0.216357,0.35526315789473684,1,Unreviewed,293,WPWAPEERGR
HPRR4320206,0.216593,0.35526315789473684,1,Unreviewed,239,LEAVTLASM[+15.994915000000001]LM[+15.994915000000001]EENFLRPVGVRSM[+15.994915000000001]GAIR
DECOY_HPRR4320037,0.217227,0.35947712418300654,1,Unreviewed,300,KNANC[+57.021464000000002]LWQVASISIC[+57.021464000000002]GDFTGPK
HPRR4320477,0.217296,0.35947712418300654,1,Unreviewed,221,RLEWQKQTSEGLAEYC[+57.021464000000002]TLI
DECOY_HPRR4291056,0.220962,0.36482084690553745,1,Unreviewed,304,EQQAVQRQLR
DECOY_HPRR4320147,0.221964,0.37012987012987014,1,Unreviewed,294,YILRRLFGM[+15.994915000000001]
DECOY_HPRR4320525,0.22219,0.37540453074433655,1,Unreviewed,272,EALSIQEK
DECOY_HPRR4310008,0.228203,0.37942122186495175,1,Unreviewed,302,GSREGAVNEAGANLGTAVTPAMIEP
HPRR4320183,0.228419,0.37942122186495175,1,Unreviewed,241,ELDAFFLHM[+15.994915000000001]LM[+15.994915000000001]KLGTDDTVMKANLHK
DECOY_HPRR2540435;DECOY_HPRR4120086,0.229112,0.38461538461538464,1,Unreviewed,317,LAEAPILSVDVAWFNGK
DECOY_HPRR4320659,0.229113,0.38977635782747605,1,Unreviewed,265,SERHLYVPVGSNHFTM[+15.994915000000001]IWGDPLPETPPR
DECOY_HPRR4320109,0.231252,0.39490445859872614,1,Unreviewed,296,EFLEGFGEEWFATVNEMVVETTTLNYELTK
DECOY_HPRR2250253,0.231666,0.4,1,Unreviewed,323,SPNPQVRAEVLLQASNSK
DECOY_HPRR4320490,0.231724,0.4050632911392405,1,Unreviewed,277,FNTSKWTLNYAAVTNTTG
DECOY_HPRR4320510,0.231992,0.41009463722397477,1,Unreviewed,274,SWC[+57.021464000000002]LSC[+57.021464000000002]VPHIHASIIK
DECOY_HPRR4291057,0.232365,0.4125,1,Unreviewed,303,ADEQAVLSGTAPSVGSC[+57.021464000000002]PHC[+57.021464000000002]V
HPRR4320316,0.234485,0.4125,1,Unreviewed,233,ITNAGMVSDEELEQM[+15.994915000000001]LDSGQSEVFVSNILK
HPRR4320185,0.234618,0.4125,1,Unreviewed,240,AAQQQTVQQQPLAGSR
DECOY_HPRR2090043,0.235242,0.4174454828660436,1,Unreviewed,325,LLSQAFDPEQLVQR
DECOY_HPRR4320035,0.237689,0.422360248447205,1,Unreviewed,301,QLLQQQQRYSDVLPQPVLEM[+15.994915000000001]LELSEK
DECOY_HPRR2551790,0.237757,0.42724458204334365,1,Unreviewed,315,GC[+57.021464000000002]AASVIVEHSLGEILRPAEVRK
DECOY_HPRR4320547,0.242775,0.4307692307692308,1,Unreviewed,271,VVATITGLVGKYRIVSSTPC[+57.021464000000002]EGQVQL
HPRR4320547,0.24356,0.4307692307692308,1,Unreviewed,215,QISSASLRIGLYDT
DECOY_HPRR4340075,0.244811,0.43425076452599387,1,Unreviewed,259,ALAQETLLISK
HPRR4320499,0.246572,0.43425076452599387,1,Unreviewed,219,C[+57.021464000000002]ELSSSVQTDINLPYLTMDSSGPKHLNM[+15.994915000000001]K
DECOY_HPRR4320270,0.246863,0.43902439024390244,1,Unreviewed,287,NLIHVMPIVQSLTSMQTSM[+15.994915000000001]ER
DECOY_HPRR4320178,0.249854,0.44376899696048633,1,Unreviewed,292,AALVEAVTVEELPL
